,occurTime,age,occupation,isRock,occurMonth,mahal
0,13,10,1,1,7,10.090231521590516
1,6,10,2,1,9,12.320794452387245
2,12,10,2,1,10,10.466530692492938
3,13,10,2,1,12,11.178424380004895
4,7,10,2,1,6,11.637650296043873
5,10,10,2,1,8,10.44226231880513
6,8,10,2,1,7,11.121538365446108
7,11,20,4,1,5,3.0716289510632793
8,20,40,4,1,11,21.732494131464613
9,18,10,2,1,6,11.203507269076935
10,18,60,4,1,8,40.45599172046614
11,15,10,2,1,8,10.224158641794357
12,8,30,4,1,7,11.334638975957915
13,15,50,4,1,5,30.263870224827656
14,8,30,4,1,12,12.419743118231619
15,22,40,4,1,4,22.28030436153644
16,13,40,4,1,9,20.255895467101517
17,8,20,4,1,2,7.1185511735023175
18,19,50,4,1,2,31.126039195807554
19,8,40,4,1,9,20.852067609143777
20,13,10,2,1,2,11.108789979307968
21,17,10,2,1,3,11.443534094158027
22,12,10,2,1,4,10.42195234338691
23,7,10,4,1,5,11.790528013484458
24,18,10,2,1,7,11.165740943160522
25,15,20,3,1,5,2.908701675774113
26,19,40,4,1,12,21.64157991774369
27,0,30,4,1,1,17.514415276271436
28,17,10,4,1,8,10.83823293147816
29,16,20,3,1,8,3.3203385373714074
30,8,10,2,1,10,11.53924619109169
31,10,20,3,1,2,5.7881241172141396
32,8,20,3,1,6,5.091771055652987
33,6,20,4,1,7,7.088915162293331
34,22,20,3,1,11,9.953960426116684
35,16,20,4,1,1,6.8049025918674975
36,8,10,2,1,1,12.599898472806075
37,18,40,4,1,2,21.347306832511784
38,19,20,4,1,3,7.342522537012221
39,20,10,2,1,3,12.816006364030162
40,7,40,4,1,4,21.211653156913005
41,20,20,3,1,7,7.089676607541055
42,11,10,3,1,8,10.173877279923186
43,22,40,4,1,9,22.18530912226055
44,20,40,4,1,11,21.732494131464613
45,15,20,4,1,12,5.6493660053021
46,14,10,2,1,12,11.227452388634562
47,19,20,3,1,12,7.933534980543291
48,13,40,4,1,6,20.170168916734667
49,10,60,4,1,10,40.351078465053476
50,16,10,3,1,7,10.384852469980808
51,7,10,2,1,9,11.785605264794187
52,13,10,2,1,12,11.178424380004895
53,17,20,4,1,4,5.183705416871945
54,17,20,4,1,4,5.183705416871945
55,7,40,4,1,5,21.097142586869175
56,16,10,2,1,7,10.415216741414213
57,9,20,4,1,12,6.582115400420604
58,19,20,4,1,5,6.497924943361175
59,8,20,3,1,7,5.008126212936032
60,21,70,4,1,11,50.92614938504226
61,13,10,2,1,3,10.703289703912745
62,9,20,4,1,5,4.608456723662901
63,19,20,4,1,11,7.42658755140099
64,15,60,4,1,3,40.368499366711205
65,7,10,2,1,9,11.785605264794187
66,9,20,3,1,12,6.47733140203761
67,7,20,4,1,6,6.180294330875267
68,12,60,4,1,1,40.57104636558485
69,0,30,4,1,9,16.613136606968055
70,0,50,4,1,7,32.7983917220755
71,12,10,2,1,1,11.625467887499989
72,8,20,4,1,5,5.489932408901374
73,12,10,2,1,3,10.745319677250949
74,8,20,4,1,4,5.914741090934934
75,16,10,2,1,5,10.590861551715799
76,18,10,2,1,6,11.203507269076935
77,8,10,2,1,10,11.53924619109169
78,17,40,4,1,10,20.78101438654831
79,13,20,4,1,6,1.6694703152970036
80,7,10,2,1,4,11.963465762478158
81,13,30,4,1,7,10.196402223978078
82,10,10,3,1,9,10.562407825343637
83,16,10,2,1,11,11.184700375811628
84,9,20,4,1,1,7.253763895235902
85,13,50,4,1,10,30.28994533427934
86,8,10,2,1,8,11.173352732980426
87,19,10,4,1,6,11.719809416244408
88,21,10,2,1,7,12.805050463331867
89,16,50,4,1,4,30.42770383751075
90,21,40,4,1,8,21.724047266777372
91,21,60,4,1,6,40.93497796850642
92,8,10,2,1,1,12.599898472806075
93,16,10,2,1,4,10.817169349053406
94,8,10,4,1,7,11.154615982603472
95,17,10,2,1,8,10.804186733471175
96,8,10,2,1,5,11.286196181666645
97,0,10,2,1,6,16.362924426154176
98,16,10,2,1,6,10.455694337973133
99,9,20,3,1,10,5.064131784304153
100,18,10,2,1,11,11.88673855756141
101,8,10,2,1,12,12.225571316778902
102,7,10,2,1,5,11.759239292211829
103,7,10,1,1,11,12.403324625596793
104,13,10,2,1,3,10.703289703912745
105,7,30,4,1,12,12.851128495322639
106,14,10,1,1,3,10.876143845721293
107,17,30,4,1,9,11.16562007926298
108,13,10,2,1,9,10.173081370703441
109,20,10,2,1,4,12.546123497095552
110,13,10,4,1,8,10.053518339303166
111,19,10,2,1,11,12.344758768618577
112,15,10,2,1,8,10.224158641794357
113,8,50,4,1,11,30.80817109854627
114,7,20,4,1,11,7.346564940419864
115,7,20,4,1,3,7.261573587846821
116,7,10,2,1,9,11.785605264794187
117,7,10,2,1,6,11.637650296043873
118,23,10,2,1,3,14.681470147146916
119,0,10,1,1,3,16.879315379447917
120,9,40,4,1,8,20.56093488668158
121,8,20,4,1,9,5.546182523173171
122,8,20,4,1,1,7.843377788189204
123,8,10,2,1,5,11.286196181666645
124,11,30,4,1,9,10.58678320534768
125,18,20,4,1,8,5.346971114053412
126,10,10,1,1,9,10.715764880008209
127,7,10,2,1,8,11.650978318408844
128,8,20,4,1,5,5.489932408901374
129,10,70,4,1,5,50.24398318588327
130,17,40,4,1,8,20.580091534560893
131,18,10,3,1,4,11.514191453066445
132,7,10,2,1,6,11.637650296043873
133,8,40,4,1,7,20.748453730658582
134,9,60,4,1,9,40.37271135422815
135,10,20,4,1,12,6.035127062790164
136,10,50,4,1,12,30.70009174510639
137,16,10,2,1,5,10.590861551715799
138,12,70,4,1,5,50.16627230941579
139,13,50,4,1,2,30.532592796903756
140,20,20,4,1,9,7.4794603291393535
141,20,20,4,1,10,7.81649042068631
142,17,10,0,1,3,11.756599442819084
143,15,10,2,1,10,10.622796773712711
144,18,10,4,1,6,11.236343588264061
145,17,10,2,1,6,10.789812769862673
146,14,10,2,1,6,10.056068468839456
147,18,20,4,1,6,5.317866934354285
148,19,10,2,1,7,11.65213655641485
149,18,10,2,1,8,11.21735113524056
150,16,10,2,1,9,10.620128583668743
151,8,10,2,1,4,11.498827269315566
152,7,30,4,1,7,11.805741196372898
153,19,10,2,1,7,11.65213655641485
154,7,20,3,1,7,5.998567549434519
155,23,20,3,1,4,10.492543729414944
156,0,20,4,1,7,13.025422260363898
157,18,10,2,1,1,12.63893178716866
158,20,20,3,1,2,8.630616200014776
159,9,10,2,1,6,10.753229070941732
160,21,20,4,1,2,9.537005429596714
161,17,10,3,1,11,11.4701551458069
162,9,10,2,1,6,10.753229070941732
163,8,10,2,1,6,11.159454284712053
164,8,10,2,1,8,11.173352732980426
165,19,10,2,1,9,11.835652820709228
166,7,10,2,1,9,11.785605264794187
167,16,10,0,1,3,11.450725520215995
168,18,10,2,1,3,11.834398509587436
169,7,20,3,1,4,6.672123020493135
170,22,10,4,1,9,13.642399582050437
171,22,20,4,1,11,10.022462233270256
172,17,20,4,1,6,4.379633913003516
173,6,10,2,1,4,12.491036687577976
174,13,10,2,1,7,9.958975510158183
175,8,10,2,1,4,11.498827269315566
176,7,10,2,1,6,11.637650296043873
177,8,30,4,1,8,11.385483582036196
178,8,30,4,1,9,11.52321274985094
179,16,10,2,1,2,11.51958164878732
180,16,10,2,1,6,10.455694337973133
181,18,60,4,1,10,40.55857070274355
182,16,10,1,1,8,10.59544781495878
183,8,20,4,1,9,5.546182523173171
184,18,20,4,1,9,5.634296386953126
185,8,10,2,1,1,12.599898472806075
186,8,10,2,1,4,11.498827269315566
187,18,30,4,1,7,11.378013706749778
188,20,10,2,1,5,12.35153474212353
189,8,30,4,1,3,11.993884191089158
190,18,40,4,1,6,20.792505662556643
191,16,20,3,1,1,6.703601884970005
192,20,10,2,1,4,12.546123497095552
193,8,10,2,1,7,11.121538365446108
194,7,10,2,1,10,12.002320073179849
195,18,10,2,1,5,11.32975637190616
196,18,30,4,1,7,11.378013706749778
197,7,10,2,1,1,13.025318652741387
198,19,10,4,1,12,12.739117192418
199,6,30,4,1,2,13.285369067835891
200,19,10,2,1,5,11.809398586139618
201,8,10,4,1,6,11.192419847282418
202,8,10,2,1,9,11.313664613073549
203,6,10,4,1,9,12.350660631854456
204,6,10,2,1,6,12.179342711880716
205,7,10,2,1,12,12.663572896385872
206,9,40,4,1,5,20.62247454525827
207,10,10,2,1,4,10.789812769862673
208,14,10,2,1,5,10.196534576437019
209,17,10,1,1,6,10.911078707261717
210,0,20,4,1,9,13.18984520090385
211,8,10,2,1,6,11.159454284712053
212,16,10,2,1,10,10.860125543250838
213,7,10,2,1,5,11.759239292211829
214,15,40,4,1,7,20.25309706810929
215,19,50,4,1,8,30.75323544129978
216,11,10,2,1,8,10.20486932078533
217,8,20,4,1,8,5.254040816251816
218,16,10,4,1,8,10.505654551593134
219,16,40,4,1,11,20.782378090485004
220,0,20,3,1,5,13.11422177047227
221,21,50,4,1,8,31.208308527492374
222,8,10,2,1,4,11.498827269315566
223,15,30,4,1,8,10.455565266105552
224,7,10,2,1,4,11.963465762478158
225,17,10,2,1,1,12.273715052955003
226,7,10,2,1,10,12.002320073179849
227,19,10,2,1,1,13.070620193405917
228,11,60,4,1,9,40.22627068385732
229,7,10,2,1,9,11.785605264794187
230,7,10,2,1,5,11.759239292211829
231,7,30,4,1,8,11.854565402293229
232,7,10,2,1,9,11.785605264794187
233,22,10,2,1,8,13.499001021170244
234,8,10,2,1,7,11.121538365446108
235,9,10,0,1,3,11.723033152829894
236,7,10,2,1,2,12.602147502983932
237,11,10,2,1,3,10.879493528963023
238,7,10,2,1,8,11.650978318408844
239,15,10,2,1,9,10.377312542951074
240,12,10,3,1,4,10.391607753396944
241,15,10,3,1,5,10.316794751310864
242,14,20,3,1,6,1.5865766923141316
243,13,10,3,1,6,9.969674948715758
244,9,10,4,1,12,11.8869656198072
245,19,20,3,1,1,8.499048463850402
246,14,10,3,1,7,9.982390985336638
247,23,20,3,1,12,11.284282846764196
248,20,20,4,1,12,8.798176734966386
249,14,20,3,1,8,1.6815519509124275
250,19,20,3,1,9,6.440138992519465
251,20,10,4,1,7,12.231420357185453
252,18,10,3,1,10,11.55455662961315
253,22,20,3,1,11,9.953960426116684
254,8,10,2,1,10,11.53924619109169
255,8,10,2,1,5,11.286196181666645
256,8,10,2,1,8,11.173352732980426
257,16,10,2,1,5,10.590861551715799
258,18,20,3,1,7,5.105534581253811
259,18,10,2,1,11,11.88673855756141
260,20,10,2,1,2,13.156550590536646
261,19,10,2,1,11,12.344758768618577
262,7,10,2,1,11,12.296783433913415
263,5,60,4,1,1,41.331830283226736
264,9,10,2,1,2,11.790299094005228
265,10,40,4,1,2,20.950402975715264
266,17,10,2,1,5,10.920845385187912
267,17,10,2,1,6,10.789812769862673
268,13,10,2,1,8,10.016805323726818
269,18,30,4,1,10,11.78663577767296
270,10,40,4,1,1,21.207644592536614
271,18,10,2,1,7,11.165740943160522
272,18,10,2,1,3,11.834398509587436
273,19,10,3,1,4,11.986455703728126
274,19,10,2,1,8,11.70160168570315
275,19,10,2,1,10,12.051467685467765
276,16,10,2,1,11,11.184700375811628
277,20,10,2,1,11,12.864353251328005
278,7,10,2,1,9,11.785605264794187
279,22,10,4,1,8,13.526265954609146
280,6,20,3,1,2,8.550340269135688
281,19,20,4,1,3,7.342522537012221
282,17,20,3,1,4,5.049988197637294
283,22,20,3,1,5,9.281710730012447
284,15,10,2,1,9,10.377312542951074
285,17,20,3,1,10,5.141357299910675
286,13,10,2,1,3,10.703289703912745
287,19,20,4,1,9,6.545518413051881
288,18,20,3,1,12,7.200170954077124
289,9,20,3,1,5,4.4575163848540384
290,20,10,2,1,1,13.562434433383952
291,19,20,3,1,2,7.835114579404014
292,9,20,4,1,2,6.463148329517077
293,16,10,2,1,3,11.129059126655273
294,17,20,3,1,4,5.049988197637294
295,19,10,2,1,4,12.012772339672676
296,17,20,4,1,4,5.183705416871945
297,16,20,4,1,5,3.8636099713675636
298,15,40,4,1,6,20.27394251665782
299,16,50,4,1,7,30.2871383241765
300,11,10,2,1,8,10.20486932078533
301,8,10,2,1,10,11.53924619109169
302,16,20,3,1,8,3.3203385373714074
303,18,20,3,1,10,5.960878324954549
304,9,40,4,1,11,20.933648283538492
305,1,20,4,1,5,12.183995617913222
306,18,20,4,1,7,5.237833942863224
307,17,10,4,1,8,10.83823293147816
308,13,10,2,1,10,10.423376624514
309,21,30,4,1,9,13.155422221757584
310,7,10,0,1,10,12.301172506464283
311,7,50,4,1,10,30.86891146827536
312,18,10,1,1,12,12.37260393630609
313,9,70,4,1,12,50.53163069439115
314,16,10,3,1,8,10.440323582378946
315,21,20,4,1,10,8.72903419722073
316,17,10,2,1,12,11.88912249485892
317,18,30,4,1,12,12.459340846069795
318,16,10,1,1,3,11.24666777280975
319,17,60,4,1,11,40.53460666654348
320,18,20,4,1,9,5.634296386953126
321,20,40,4,1,11,21.732494131464613
322,9,40,4,1,11,20.933648283538492
323,6,10,2,1,1,13.511491793502469
324,8,40,4,1,12,21.360578424303903
325,16,10,2,1,3,11.129059126655273
326,22,20,4,1,6,9.201835187057593
327,17,10,2,1,2,11.82367442391094
328,6,10,2,1,5,12.295576164293012
329,7,10,2,1,8,11.650978318408844
330,11,70,4,1,7,50.158416574548205
331,8,20,4,1,7,5.142931967013426
332,18,10,1,1,10,11.6949107222618
333,10,10,2,1,6,10.427389461016334
334,10,20,3,1,9,3.6862922519594465
335,2,10,3,1,9,14.925693783283084
336,20,50,4,1,6,30.960452423447595
337,11,30,4,1,6,10.42182285363253
338,18,30,4,1,3,12.034883181192079
339,23,50,4,1,4,31.89882081614058
340,16,10,2,1,4,10.817169349053406
341,23,20,4,1,6,10.186868327868943
342,12,20,3,1,3,4.105436336971228
343,1,20,3,1,7,11.974628158223533
344,20,10,1,1,10,12.687315233760465
345,8,10,4,1,7,11.154615982603472
346,17,40,4,1,5,20.641574080635674
347,15,10,4,1,3,10.931344090745842
348,7,10,2,1,4,11.963465762478158
349,7,10,2,1,5,11.759239292211829
350,19,10,2,1,7,11.65213655641485
351,8,20,3,1,9,5.4214130563645435
352,8,10,2,1,11,11.84522681674503
353,13,10,2,1,2,11.108789979307968
354,8,30,4,1,10,11.744770230184953
355,7,10,1,1,2,12.706128467567634
356,7,10,2,1,1,13.025318652741387
357,21,10,2,1,6,12.837995236288421
358,22,10,2,1,7,13.456144800352137
359,10,20,4,1,9,3.86745027369297
360,10,60,4,1,12,40.55268085658364
361,17,10,2,1,12,11.88912249485892
362,18,10,2,1,4,11.541584976303593
363,17,60,4,1,5,40.37478375821129
364,17,70,4,1,5,50.32044768302741
365,7,10,3,1,5,11.732353974549616
366,8,30,4,1,7,11.334638975957915
367,20,10,2,1,10,12.583178807179127
368,8,10,2,1,11,11.84522681674503
369,22,40,4,1,4,22.28030436153644
370,17,10,2,1,5,10.920845385187912
371,7,10,2,1,6,11.637650296043873
372,20,10,2,1,6,12.235832875918012
373,7,10,2,1,9,11.785605264794187
374,16,10,3,1,7,10.384852469980808
375,18,70,4,1,7,50.374163634773026
376,11,50,4,1,8,30.215449127085165
377,18,10,2,1,2,12.202368311201472
378,8,40,4,1,5,20.837176892522105
379,13,20,4,1,9,2.500543576543366
380,7,10,2,1,1,13.025318652741387
381,6,10,1,1,1,13.608526350536748
382,7,10,2,1,6,11.637650296043873
383,16,10,2,1,9,10.620128583668743
384,0,40,4,1,2,24.452693709470488
385,8,10,2,1,10,11.53924619109169
386,7,10,3,1,10,11.975980468908903
387,6,10,2,1,1,13.511491793502469
388,9,10,2,1,9,10.913181135520512
389,8,10,2,1,2,12.161933941875049
390,14,10,2,1,3,10.75448399531343
391,15,10,2,1,8,10.224158641794357
392,6,10,2,1,7,12.144611338982955
393,9,10,2,1,3,11.409046779096489
394,17,10,1,1,11,11.611529484250443
395,18,70,4,1,8,50.385628482578255
396,10,20,4,1,3,5.101568144249276
397,7,10,2,1,10,12.002320073179849
398,15,20,4,1,2,5.510297582413159
399,8,50,4,1,5,30.59758540061998
400,10,40,4,1,8,20.392414249762773
401,7,10,2,1,2,12.602147502983932
402,16,30,4,1,4,11.03614868635409
403,7,10,2,1,5,11.759239292211829
404,7,60,4,1,5,40.609580253022074
405,0,70,4,1,5,51.80224600524228
406,6,20,4,1,5,7.3445440168310885
407,6,10,2,1,5,12.295576164293012
408,7,10,2,1,5,11.759239292211829
409,22,10,2,1,7,13.456144800352137
410,16,10,2,1,9,10.620128583668743
411,16,10,2,0,11,11.164834432036665
412,12,40,4,0,6,20.18150648510046
413,17,40,4,0,9,20.64585596797883
414,11,10,2,0,5,10.306783019346136
415,15,10,2,0,6,10.187199515453987
416,18,10,2,0,6,11.183674732679345
417,19,10,2,0,6,11.669322861500515
418,19,10,2,0,7,11.633068886903835
419,19,10,2,0,7,11.633068886903835
420,7,10,2,0,7,11.58214597959429
421,20,10,2,0,10,12.565524035691968
422,19,60,4,0,12,40.88963890437466
423,19,10,2,0,3,12.276298668629895
424,9,20,4,0,7,4.135730906986986
425,8,50,4,0,9,30.60047418705124
426,16,50,4,0,5,30.340671744423997
427,18,10,1,0,3,11.926465211000467
428,20,10,2,0,5,12.33354838981853
429,19,40,4,0,5,21.11463040082912
430,16,10,1,0,5,10.693639827163203
431,14,30,4,0,12,11.419155732293927
432,18,10,2,0,12,12.247683642854238
433,18,50,4,0,4,30.685472087952526
434,18,20,4,0,11,6.603914940182577
435,16,20,4,0,5,3.8057177258647976
436,8,30,4,0,11,12.027087296576045
437,19,50,4,0,5,30.78720364797026
438,0,20,3,0,8,13.000169425348806
439,0,60,4,0,8,42.171909989142165
440,8,50,4,0,5,30.590329153939216
441,8,10,2,0,1,12.582267161490872
442,19,30,4,0,2,12.819428162796784
443,15,20,3,0,9,2.9389340861624773
444,18,30,4,0,5,11.519757373576649
445,6,10,3,0,5,12.251759859819025
446,16,10,2,0,5,10.569879554929784
447,7,10,2,0,6,11.618558852591002
448,17,10,2,0,7,10.729923610553513
449,3,40,4,0,8,22.48815145126565
450,12,20,4,0,9,2.5904069287922304
451,16,10,2,0,10,10.839664764801539
452,18,10,2,0,10,11.562671112351863
453,20,10,2,0,10,12.565524035691968
454,15,50,4,0,9,30.266790862418276
455,8,10,2,0,12,12.207399371682639
456,8,40,4,0,1,21.56671424956342
457,15,20,3,0,6,2.27414742667956
458,14,70,4,0,6,50.13544763479445
459,15,30,4,0,8,10.434311210228662
460,18,20,3,0,8,5.174715880123339
461,21,40,4,0,10,21.904351768776703
462,10,70,4,0,12,50.458896356856755
463,18,20,3,0,12,7.169272429336644
464,16,60,4,0,12,40.55449448792877
465,14,60,4,0,4,40.23963750681928
466,17,40,4,0,4,20.747900863532426
467,18,20,3,0,7,5.061866133995366
468,12,50,4,0,1,30.71712091161166
469,6,20,3,0,1,9.138332913316441
470,21,50,4,0,2,31.568708438201824
471,21,10,1,0,2,13.797859374062247
472,16,10,4,0,3,11.142208243789149
473,8,10,4,0,5,11.299162435970224
474,16,20,4,0,6,3.411551419878205
475,17,10,2,0,6,10.769218402781247
476,7,10,2,0,7,11.58214597959429
477,9,10,2,0,7,10.69313501886928
478,16,20,4,0,8,3.4567433305780657
479,13,20,4,0,8,1.628965283482579
480,8,40,4,0,9,20.841418593138368
481,21,10,2,0,9,12.955142381680306
482,23,20,4,0,9,10.334112384331055
483,19,20,3,0,10,6.796071756727688
484,13,30,4,0,12,11.370954318737416
485,23,40,4,0,6,22.525027740790943
486,18,70,4,0,11,50.534474866441876
487,17,20,4,0,9,4.711983197611761
488,13,20,3,0,6,0.9872767996549695
489,22,20,3,0,11,9.931632975639388
490,10,10,1,0,3,11.200555712671546
491,16,20,4,0,3,5.11596482063145
492,10,20,3,0,7,2.9722659036405155
493,19,20,3,0,8,6.154364301824261
494,19,10,3,0,5,11.763771564301079
495,1,20,3,0,9,12.134995520759517
496,17,20,3,0,3,5.648290937343362
497,15,20,3,0,11,4.576868462806268
498,19,20,3,0,12,7.905503316400209
499,0,20,3,0,10,13.315960215125187
500,19,20,3,0,4,6.727214671282829
501,22,20,3,0,5,9.257762120174554
502,22,20,4,0,2,10.373475477477934
503,20,20,4,0,9,7.449720277519152
504,14,10,1,0,12,11.324454577794686
505,16,10,2,0,1,11.962506889430692
506,19,20,3,0,4,6.727214671282829
507,15,10,2,0,5,10.325881961660926
508,11,10,2,0,5,10.306783019346136
509,7,10,2,0,5,11.740345571132446
510,6,10,2,0,6,12.161101689055666
511,19,20,3,0,7,6.05978582773825
512,18,10,3,0,7,11.117472611187916
513,17,10,4,0,7,10.764204698609966
514,9,10,2,0,8,10.747015037361768
515,17,10,3,0,8,10.754295765993085
516,7,10,2,0,8,11.631908750250048
517,11,10,4,0,9,10.372434672688515
518,13,30,4,0,9,10.384267671544233
519,8,10,2,0,9,11.294025516848423
520,8,10,2,0,10,11.519991669126101
521,7,10,2,0,10,11.983809600338558
522,10,20,3,0,2,5.749642266644649
523,23,20,3,0,11,10.85061514764835
524,6,70,4,0,6,50.604100479947974
525,10,10,4,0,9,10.606077763227212
526,19,10,3,0,2,12.606376734515127
527,15,50,4,0,5,30.256533945303794
528,15,10,2,0,9,10.355897885369494
529,6,10,2,0,9,12.30276315857893
530,17,30,4,0,10,11.374632865902212
531,0,40,4,0,12,24.475338442244325
532,8,10,2,0,4,11.479504953074674
533,8,10,4,0,4,11.51155402510578
534,8,10,2,0,6,11.139543317869403
535,10,40,4,0,6,20.373909123411135
536,16,10,4,0,7,10.42926590292954
537,16,10,2,0,8,10.449303366744457
538,17,40,4,0,8,20.569301713208826
539,22,40,4,0,10,22.291234643461973
540,10,20,4,0,10,4.434903910921855
541,16,60,4,0,9,40.288974126017536
542,12,10,1,0,3,10.846634469354791
543,18,20,4,0,5,5.538999769642334
544,3,20,4,0,4,10.442585406548709
545,14,20,3,0,4,3.124554309926805
546,9,10,3,0,5,10.835181873017968
547,6,20,3,0,5,7.220104650256007
548,12,20,3,0,11,4.201449555466084
549,17,50,4,0,8,30.4157930106547
550,7,10,2,0,4,11.944895078990765
551,17,10,1,0,12,11.980768674974051
552,16,30,4,0,4,11.016014852269663
553,18,60,4,0,11,40.641221174185574
554,7,10,2,0,12,12.646030361350139
555,13,10,2,0,2,11.088788040290236
556,7,10,2,0,9,11.766753879284428
557,18,70,4,0,12,50.62497748847457
558,11,10,2,0,7,10.126211906280888
559,15,50,4,0,6,30.209485961611993
560,8,30,4,0,1,12.77101687511007
561,18,10,2,0,1,12.621355003279682
562,9,10,1,0,2,11.882707480687202
563,18,30,4,0,2,12.378983112579933
564,20,10,2,0,4,12.528416508181861
565,19,10,2,0,5,11.790585242659802
566,16,10,2,0,6,10.434440545004515
567,6,50,4,0,7,30.917334912152924
568,18,10,2,0,7,11.14584120683055
569,8,10,2,0,7,11.101559395517386
570,16,10,2,0,7,10.393880178679451
571,17,10,1,0,8,10.904954622427075
572,7,10,2,0,9,11.766753879284428
573,20,10,4,0,9,12.388464017597352
574,14,10,2,0,10,10.45472626012483
575,17,60,4,0,11,40.52912956145865
576,15,40,4,0,8,20.270647299232433
577,20,50,4,0,10,31.092224146701355
578,9,20,4,0,8,4.273109619061845
579,18,10,2,0,1,12.621355003279682
580,18,10,2,0,8,11.197543118443141
581,8,10,2,0,9,11.294025516848423
582,8,10,2,0,11,11.826470468328505
583,8,10,2,0,12,12.207399371682639
584,18,10,2,0,7,11.14584120683055
585,0,50,4,0,9,32.857280720045054
586,17,50,4,0,12,30.817872204177842
587,18,30,4,0,12,12.441510347086236
588,18,10,1,0,2,12.291679167131436
589,18,10,2,0,3,11.815624972122126
590,9,30,4,0,4,11.298804122049763
591,12,10,2,0,5,10.165052470472055
592,19,10,2,0,9,11.81688127597434
593,5,10,2,0,9,12.89416402162307
594,15,70,4,0,11,50.323330607863596
595,13,10,2,0,3,10.682528534199909
596,0,10,2,0,3,16.787963370510706
597,0,10,2,0,3,16.787963370510706
598,21,10,4,0,5,12.959620885999195
599,19,10,1,0,5,11.901658679015943
600,16,10,2,0,7,10.393880178679451
601,7,70,4,0,10,50.56178679230278
602,16,20,4,0,12,6.047301644497471
603,9,30,4,0,9,11.110308411381121
604,20,20,4,0,6,7.213372662544589
605,21,40,4,0,4,21.883085987155518
606,18,20,4,0,12,7.264082063046791
607,15,70,4,0,1,50.50629313910522
608,14,10,2,0,7,9.991782329975432
609,18,30,4,0,8,11.409224206343215
610,9,20,4,0,9,4.62759781074699
611,20,50,4,0,1,31.501264121541464
612,8,40,4,0,4,20.942510608015848
613,18,10,2,0,9,11.33755562592329
614,12,10,4,0,4,10.435992437291324
615,18,10,1,0,5,11.425890065645973
616,23,10,1,0,3,14.755783612775202
617,16,40,4,0,4,20.57612389939858
618,10,10,1,0,8,10.5464888318443
619,5,40,4,0,12,22.2381377246442
620,8,10,2,0,1,12.582267161490872
621,20,20,4,0,3,8.158869904846577
622,7,10,2,0,4,11.944895078990765
623,7,20,4,0,6,6.144269152174213
624,8,10,2,0,7,11.101559395517386
625,7,20,4,0,7,6.075132845944284
626,6,40,4,0,7,21.303927022318078
627,8,10,4,0,8,11.186449785297164
628,7,10,2,0,8,11.631908750250048
629,0,30,4,0,12,17.23420727403576
630,16,10,2,0,12,11.567572069207216
631,17,10,2,0,10,11.162295809234234
632,7,10,2,0,10,11.983809600338558
633,8,70,4,0,3,50.512438363033645
634,7,10,3,0,12,12.621034226751036
635,7,10,2,0,11,12.278716879978871
636,8,10,4,0,11,11.857581787342198
637,18,40,4,0,7,20.76149062102893
638,7,10,2,0,11,12.278716879978871
639,16,20,3,0,9,3.7061906430155247
640,16,10,4,0,12,11.599377814415998
641,7,20,4,0,12,7.9172733629342655
642,0,30,4,0,5,16.581059392989545
643,11,50,4,0,5,30.250021228175164
644,20,10,2,0,6,12.217676193348174
645,19,10,3,0,10,12.006760588294247
646,20,10,2,0,11,12.847084882301669
647,18,10,4,0,7,11.178846913396079
648,18,10,2,0,3,11.815624972122126
649,7,10,2,0,12,12.646030361350139
650,22,10,2,0,4,13.753481422593339
651,21,60,4,0,5,40.96429214570545
652,23,70,4,0,9,51.15579474763209
653,7,10,2,0,11,12.278716879978871
654,6,10,2,0,1,13.495051533210061
655,19,10,1,0,6,11.78153958501634
656,8,10,2,0,8,11.153466577423892
657,8,10,2,0,12,12.207399371682639
658,8,10,2,0,5,11.266509204237904
659,14,10,4,0,1,11.64651802668092
660,20,10,4,0,2,13.16767522931531
661,15,10,2,0,5,10.325881961660926
662,8,10,4,0,7,11.134696363954587
663,15,10,4,0,9,10.391412950964057
664,20,20,3,0,10,7.699682255921989
665,15,10,2,0,12,11.345052139886127
666,9,10,2,0,6,10.732564504826282
667,8,10,2,0,6,11.139543317869403
668,13,30,4,0,1,11.772486976938515
669,19,10,1,0,9,11.927709840444702
670,6,20,4,0,7,7.057529566094849
671,9,50,4,0,7,30.383830315299857
672,15,20,4,0,6,2.557375133003534
673,19,10,2,0,4,11.994277997566824
674,8,10,2,0,5,11.266509204237904
675,19,10,2,0,6,11.669322861500515
676,8,10,2,0,6,11.139543317869403
677,9,10,1,0,8,10.868758492148421
678,8,10,2,0,11,11.826470468328505
679,8,10,2,0,10,11.519991669126101
680,7,10,2,0,6,11.618558852591002
681,16,40,4,0,3,20.741785820943434
682,10,10,2,0,8,10.420981131009121
683,11,10,2,0,12,11.327671692738194
684,22,10,4,0,3,14.026400025144435
685,7,10,2,0,5,11.740345571132446
686,8,10,2,0,10,11.519991669126101
687,10,30,4,0,5,10.766461154415055
688,15,70,4,0,5,50.194685270248215
689,18,50,4,0,10,30.70064122049542
690,11,10,2,0,12,11.327671692738194
691,16,10,1,0,11,11.282070148787406
692,7,40,4,0,2,21.568028275302893
693,7,10,2,0,5,11.740345571132446
694,11,70,4,0,6,50.16241185372282
695,18,10,2,0,7,11.14584120683055
696,9,10,1,0,8,10.868758492148421
697,7,30,4,0,8,11.83582385283586
698,8,50,4,0,8,30.548875998813408
699,20,10,4,0,8,12.260458598021234
700,7,10,2,0,9,11.766753879284428
701,18,10,2,0,9,11.33755562592329
702,17,10,2,0,9,10.928936455636325
703,8,10,2,0,10,11.519991669126101
704,19,10,2,0,10,12.033032816874739
705,6,10,2,0,11,12.793294051928532
706,18,30,4,0,7,11.358485872205701
707,6,20,4,0,11,8.150429823165698
708,20,10,1,0,10,12.669805572261993
709,16,70,4,0,9,50.25162412922479
710,12,10,0,0,12,11.518585824343505
711,18,70,4,0,9,50.41252581119124
712,0,20,4,0,5,13.149419724682572
713,14,10,2,0,9,10.205199924187287
714,12,40,4,0,12,20.790006688243768
715,18,30,4,0,8,11.409224206343215
716,12,40,4,0,5,20.25186431730769
717,8,20,4,0,9,5.506009987137889
718,18,30,4,0,2,12.378983112579933
719,11,10,1,0,8,10.311495633504613
720,21,10,1,0,9,13.056312384321146
721,21,10,2,0,9,12.955142381680306
722,21,30,4,0,8,13.017908570477534
723,16,10,1,0,11,11.282070148787406
724,13,10,1,0,4,10.48347225459557
725,16,50,4,0,3,30.532703295644588
726,9,10,3,0,7,10.66356214331778
727,7,10,3,0,9,11.73988577066603
728,10,10,1,0,2,11.588669146677185
729,10,20,4,0,2,5.867436173237694
730,7,10,2,0,2,12.584519342631838
731,7,10,2,0,3,12.228054741723488
732,9,10,2,0,3,11.389572152004773
733,7,20,4,0,4,6.741042356441375
734,7,10,3,0,5,11.71341688757985
735,7,40,4,0,5,21.086617337278152
736,11,10,2,0,6,10.167840079849473
737,6,10,2,0,6,12.161101689055666
738,17,60,4,0,8,40.337882393166936
739,21,30,4,0,9,13.13853641890237
740,8,10,2,0,10,11.519991669126101
741,7,10,1,0,11,12.385413483854567
742,12,20,3,0,9,2.311230625468436
743,7,10,2,0,1,13.00826396578588
744,16,10,3,0,10,10.810492739274727
745,9,20,3,0,12,6.442967289218002
746,8,10,2,0,1,12.582267161490872
747,9,10,1,0,1,12.330593716040932
748,8,10,2,0,2,12.143666769334665
749,7,50,4,0,2,31.099905710182483
750,14,10,2,0,3,10.73382184515671
751,7,10,2,0,5,11.740345571132446
752,7,10,2,0,5,11.740345571132446
753,7,30,4,0,8,11.83582385283586
754,7,10,2,0,10,11.983809600338558
755,16,30,4,0,11,11.37712410919412
756,7,10,2,0,12,12.646030361350139
757,16,10,2,0,12,11.567572069207216
758,17,20,4,0,1,7.277445994473871
759,9,10,2,0,5,10.864287605211194
760,17,40,4,0,6,20.561755314320628
761,7,10,2,0,3,12.228054741723488
762,8,10,2,0,3,11.773862504979174
763,10,10,4,0,12,11.573870250013915
764,18,20,4,0,3,6.5092339860443555
765,6,10,2,0,12,13.146237803288871
766,13,10,2,0,12,11.15854726286529
767,6,10,2,0,1,13.495051533210061
768,7,20,4,0,8,6.169476053716601
769,12,10,2,0,12,11.198868759746688
770,8,10,2,0,12,12.207399371682639
771,8,40,4,0,7,20.73775150809245
772,7,30,4,0,8,11.83582385283586
773,22,20,4,0,8,9.194572723672637
774,12,30,4,0,4,10.628194632540053
775,21,30,4,0,8,13.017908570477534
776,19,10,1,0,7,11.74563198277634
777,6,10,2,0,1,13.495051533210061
778,8,10,2,0,5,11.266509204237904
779,17,10,1,0,11,11.592395022674479
780,22,20,4,0,3,9.938017365820384
781,18,10,2,0,5,11.310145217673332
782,17,10,2,0,4,11.120506896890056
783,17,10,2,0,11,11.47832929543144
784,16,70,4,0,12,50.464753191405
785,8,10,2,0,10,11.519991669126101
786,12,20,3,0,7,1.0155765067587357
787,6,20,4,0,3,8.073904931955607
788,22,20,4,0,6,9.177678149068091
789,12,20,4,0,5,2.4676760992255273
790,18,20,4,0,5,5.538999769642334
791,15,70,4,0,7,50.15791882387362
792,17,20,4,0,6,4.328648589345311
793,15,50,4,0,5,30.256533945303794
794,11,40,4,0,8,20.260924950544744
795,22,30,4,0,9,13.77387580713548
796,16,10,1,0,12,11.680766350016224
797,5,10,2,0,8,12.771228215602733
798,23,20,4,0,8,10.180308595051184
799,8,10,4,0,9,11.32659942261959
800,17,10,2,0,10,11.162295809234234
801,22,10,2,0,2,14.312507113661015
802,17,10,4,0,5,10.934244895307309
803,5,20,4,0,6,8.09660499068735
804,12,10,2,0,7,9.981917806237083
805,19,10,2,0,2,12.631401874688837
806,11,20,4,0,2,5.4337208951680935
807,19,10,2,0,2,12.631401874688837
808,10,10,1,0,3,11.200555712671546
809,17,20,4,0,5,4.645643435362821
810,15,10,2,0,7,10.145650775045306
811,13,10,2,0,9,10.151235884022402
812,13,10,2,0,9,10.151235884022402
813,11,20,4,0,9,3.100272977846732
814,13,20,3,0,10,3.097660117763542
815,17,10,2,0,10,11.162295809234234
816,16,10,2,0,12,11.567572069207216
817,8,50,4,0,7,30.529962808843486
818,8,10,2,0,8,11.153466577423892
819,8,10,2,0,7,11.101559395517386
820,21,10,2,0,3,13.375520178316073
821,20,20,3,0,6,7.117887616148068
822,8,10,1,0,7,11.219456313011284
823,5,10,3,0,8,12.746477599228696
824,16,20,3,0,10,4.346382951821814
825,7,10,2,0,10,11.983809600338558
826,17,10,2,0,11,11.47832929543144
827,1,20,3,0,4,12.307808004730013
828,18,20,3,0,11,6.499482401278972
829,20,10,2,0,2,13.139666237749756
830,15,20,3,0,2,5.343310190530528
831,13,10,1,0,5,10.249799324591024
832,17,10,3,0,6,10.739855029721483
833,22,20,3,0,9,9.291229315853998
834,7,10,2,0,11,12.278716879978871
835,20,20,3,0,8,7.139657938524574
836,22,10,2,0,7,13.439636836096224
837,7,40,4,0,2,21.568028275302893
838,12,10,4,0,2,11.162416709126154
839,6,10,2,0,7,12.126318071577376
840,7,10,2,0,7,11.58214597959429
841,9,10,2,0,9,10.892820015716383
842,14,30,4,0,5,10.407244970106207
843,8,10,2,0,8,11.153466577423892
844,7,50,4,0,9,30.778084816193832
845,8,10,2,0,10,11.519991669126101
846,8,10,2,0,12,12.207399371682639
847,19,10,2,0,4,11.994277997566824
848,18,10,4,0,8,11.230396876097323
849,15,10,1,0,2,11.392533966988578
850,8,10,1,0,11,11.937210004252027
851,12,20,3,0,12,5.177583804115355
852,2,10,3,0,11,15.31805247652158
853,2,20,3,0,11,11.69046719218033
854,15,10,3,0,11,10.905202126868392
855,15,10,3,0,11,10.905202126868392
856,6,10,2,0,1,13.495051533210061
857,17,20,3,0,10,5.097995712381039
858,17,40,4,0,12,21.15932313886863
859,7,10,2,0,11,12.278716879978871
860,22,20,3,0,1,10.820599648249305
861,14,10,2,0,8,10.049423357144466
862,15,70,4,0,1,50.50629313910522
863,12,10,3,0,6,9.992592679659923
864,20,20,3,0,7,7.058294397205709
865,17,10,4,0,9,10.962595229077822
866,15,10,1,0,10,10.72526902418211
867,8,10,2,0,7,11.101559395517386
868,8,10,2,0,11,11.826470468328505
869,19,10,2,0,9,11.81688127597434
870,7,10,2,0,10,11.983809600338558
871,18,30,4,0,10,11.767786042991728
872,14,20,4,0,8,1.937019208567543
873,12,10,2,0,1,11.606356405065466
874,15,50,4,0,5,30.256533945303794
875,12,10,2,0,9,10.19554189111574
876,8,20,4,0,5,5.449345213180782
877,21,50,4,0,7,31.18267677515438
878,15,10,2,0,7,10.145650775045306
879,7,10,2,0,12,12.646030361350139
880,7,10,2,0,12,12.646030361350139
881,7,10,1,0,7,11.69519920480197
882,17,70,4,0,7,50.27935810828766
883,14,10,2,0,2,11.13821061580593
884,7,10,0,0,6,11.927030967757968
885,7,10,2,0,3,12.228054741723488
886,7,10,2,0,8,11.631908750250048
887,7,70,4,0,10,50.56178679230278
888,8,10,4,0,11,11.857581787342198
889,19,10,2,0,5,11.790585242659802
890,18,60,4,0,11,40.641221174185574
891,7,10,2,0,6,11.618558852591002
892,17,10,1,0,9,11.0486755314248
893,11,70,4,0,9,50.19694363232731
894,13,10,2,0,9,10.151235884022402
895,8,20,4,0,7,5.099583768842241
896,17,10,2,0,4,11.120506896890056
897,12,30,4,0,11,11.00204030704003
898,20,30,4,0,11,13.031999657545988
899,8,10,2,0,11,11.826470468328505
900,20,10,4,0,12,13.226474502294204
901,13,10,2,0,12,11.15854726286529
902,7,10,2,0,7,11.58214597959429
903,9,10,4,0,7,10.7275336698158
904,18,70,4,0,4,50.45440298186538
905,7,20,4,0,8,6.169476053716601
906,19,30,4,0,7,11.836964003859464
907,16,40,4,0,6,20.38841009216816
908,6,10,2,0,2,13.087078037725101
909,21,30,4,0,7,12.97346321796154
910,8,20,4,0,7,5.099583768842241
911,18,40,4,0,10,20.988212878937706
912,11,10,2,0,7,10.126211906280888
913,8,10,2,0,8,11.153466577423892
914,7,10,4,0,5,11.771684511354882
915,5,10,2,0,12,13.701279241773493
916,19,10,2,0,2,12.631401874688837
917,8,20,4,0,3,6.433115255410349
918,6,60,4,0,5,40.762672854036246
919,17,10,2,0,8,10.783619817567068
920,12,10,2,0,10,10.445298949049155
921,23,50,4,0,8,31.77595879882148
922,19,50,4,0,7,30.72722408263747
923,9,10,4,0,2,11.80271156258062
924,6,10,2,0,5,12.27750783384157
925,15,10,1,0,1,11.858947445177291
926,17,10,2,0,2,11.804883831734914
927,11,10,4,0,3,10.892943906498468
928,6,10,4,0,9,12.33267300472003
929,8,10,2,0,10,11.519991669126101
930,8,10,3,0,10,11.492546676405816
931,8,10,2,0,11,11.826470468328505
932,15,40,4,0,4,20.451854664157803
933,17,20,4,0,7,4.229940223165407
934,11,10,2,0,3,10.859069243948072
935,9,10,2,0,7,10.69313501886928
936,22,10,1,0,10,13.882399082221248
937,20,30,4,0,10,12.754521527394402
938,12,70,4,0,9,50.16803430020568
939,18,20,4,0,11,6.603914940182577
940,18,10,2,0,4,11.522334362591092
941,10,50,4,0,3,30.523022088621186
942,7,10,1,0,3,12.335189569437299
943,21,10,2,0,6,12.82069136533108
944,19,20,4,0,7,6.171663092772396
945,16,30,4,0,9,10.822594958372191
946,19,20,4,0,10,6.8960142383280605
947,14,10,2,0,2,11.13821061580593
948,16,10,2,0,8,10.449303366744457
949,17,10,2,0,11,11.47832929543144
950,18,10,2,0,8,11.197543118443141
951,7,10,2,0,10,11.983809600338558
952,16,10,2,0,12,11.567572069207216
953,13,20,4,0,7,1.22406381095105
954,9,70,4,0,8,50.283008296107326
955,15,10,0,0,5,10.671785051287873
956,18,10,2,0,7,11.14584120683055
957,7,10,2,0,1,13.00826396578588
958,17,10,2,0,1,12.255614492927105
959,7,10,2,0,7,11.58214597959429
960,8,10,2,0,7,11.101559395517386
961,1,30,4,0,7,15.695236139556421
962,13,10,2,0,8,9.994618266424816
963,7,40,4,0,7,20.998948118699243
964,18,10,1,0,10,11.67591290648336
965,11,30,4,0,1,11.932913247947905
966,18,10,2,0,4,11.522334362591092
967,15,70,4,0,5,50.194685270248215
968,19,40,4,0,7,21.027077978802485
969,8,40,4,0,4,20.942510608015848
970,18,30,4,0,5,11.519757373576649
971,14,10,2,0,3,10.73382184515671
972,18,10,2,0,6,11.183674732679345
973,8,10,2,0,8,11.153466577423892
974,7,10,2,0,10,11.983809600338558
975,13,70,4,0,1,50.464726449413064
976,7,20,4,0,4,6.741042356441375
977,7,20,4,0,4,6.741042356441375
978,21,40,4,0,6,21.706677398539494
979,7,10,2,0,1,13.00826396578588
980,10,10,2,0,4,10.769218402781247
981,19,10,2,0,5,11.790585242659802
982,5,10,2,0,7,12.725921359708925
983,9,60,4,0,10,40.431015608953544
984,16,10,2,0,10,10.839664764801539
985,8,10,2,0,7,11.101559395517386
986,7,10,2,0,8,11.631908750250048
987,7,10,2,0,4,11.944895078990765
988,8,10,2,0,5,11.266509204237904
989,9,20,3,0,6,4.071934847325574
990,7,10,2,0,10,11.983809600338558
991,7,10,2,0,9,11.766753879284428
992,11,20,3,0,4,3.5309054188660607
993,7,10,2,0,7,11.58214597959429
994,6,10,2,0,7,12.126318071577376
995,8,30,4,0,6,11.35230595218009
996,15,70,4,0,1,50.50629313910522
997,8,10,2,0,9,11.294025516848423
998,6,10,2,0,7,12.126318071577376
999,11,30,4,0,10,10.806996794514832
1000,9,10,2,0,7,10.69313501886928
1001,6,10,3,0,8,12.147888981514734
1002,6,10,2,0,1,13.495051533210061
1003,7,10,2,0,5,11.740345571132446
1004,7,10,2,0,5,11.740345571132446
1005,8,10,3,0,5,11.238445208382206
1006,6,10,2,0,6,12.161101689055666
1007,21,10,2,0,8,12.832790750577123
1008,12,10,4,0,8,10.076245375994354
1009,7,10,2,0,8,11.631908750250048
1010,17,10,2,0,3,11.424118257540398
1011,9,10,2,0,7,10.69313501886928
1012,7,10,2,0,7,11.58214597959429
1013,13,10,2,0,6,9.979078260467228
1014,9,20,3,0,1,7.12773982362621
1015,18,10,3,0,5,11.282189765178146
1016,15,10,3,0,8,10.171423026465888
1017,9,10,3,0,11,11.416319035067563
1018,19,10,1,0,12,12.795930958018483
1019,18,10,2,0,2,12.184161760265846
1020,18,20,4,0,8,5.305290330663557
1021,14,10,1,0,8,10.179513188678973
1022,13,10,2,0,11,10.740483291551037
1023,12,10,2,0,12,11.198868759746688
1024,6,10,2,0,2,13.087078037725101
1025,7,10,2,0,8,11.631908750250048
1026,8,20,4,0,10,5.955782203873279
1027,9,10,1,0,2,11.882707480687202
1028,13,10,2,0,3,10.682528534199909
1029,18,20,3,0,3,6.403257454799339
1030,9,50,4,0,7,30.383830315299857
1031,12,40,4,0,7,20.160565460563436
1032,21,10,4,0,9,12.98354944669879
1033,8,10,2,0,11,11.826470468328505
1034,8,10,2,0,11,11.826470468328505
1035,12,10,2,0,12,11.198868759746688
1036,8,30,4,0,12,12.401855688604522
1037,20,10,3,0,9,12.333110705035965
1038,6,10,2,0,1,13.495051533210061
1039,7,10,2,0,1,13.00826396578588
1040,18,10,1,0,4,11.635968722487865
1041,21,10,1,0,7,12.890186255983844
1042,7,10,2,0,9,11.766753879284428
1043,5,10,2,0,11,13.363003299391263
1044,10,20,3,0,1,6.6259482727286025
1045,12,20,3,0,2,5.025476816534221
1046,12,20,3,0,2,5.025476816534221
1047,18,20,3,0,2,7.060206112496422
1048,10,10,3,0,4,10.739855029721483
1049,12,10,3,0,4,10.3702226156708
1050,10,10,3,0,6,10.37568684099789
1051,11,20,3,0,6,2.185791490513368
1052,10,20,3,0,6,3.1111362748090126
1053,8,10,3,0,8,11.125117426182225
1054,10,10,3,0,8,10.390633704711167
1055,13,20,3,0,9,2.107202535038189
1056,23,20,3,0,9,10.267689989445188
1057,17,20,3,0,9,4.564467614294571
1058,16,20,3,0,9,3.7061906430155247
1059,18,10,3,0,9,11.309667927200003
1060,9,20,3,0,10,5.0201031988307
1061,16,10,3,0,10,10.810492739274727
1062,7,10,3,0,11,12.252971446604683
1063,15,20,3,0,12,5.486612853787124
1064,20,30,4,0,4,12.71796545457246
1065,8,10,2,0,2,12.143666769334665
1066,7,10,3,0,3,12.202202416745015
1067,16,10,3,0,7,10.36345339263786
1068,19,10,3,0,8,11.655552687950626
1069,18,10,3,0,11,11.841409543908163
1070,14,70,4,0,6,50.13544763479445
1071,23,30,4,0,12,15.175103206057434
1072,20,20,3,0,4,7.638974587802416
1073,15,20,3,0,7,2.0801303324034133
1074,18,20,3,0,7,5.061866133995366
1075,7,10,3,0,8,11.604728442612315
1076,19,10,2,0,10,12.033032816874739
1077,14,10,3,0,12,11.17945050482349
1078,22,20,3,0,8,9.119854522867856
1079,14,20,3,0,9,2.3534693631401966
1080,22,20,3,0,10,9.564629521382217
1081,17,10,3,0,7,10.700452408237014
1082,18,10,1,0,8,11.31443992589831
1083,18,20,3,0,3,6.403257454799339
1084,22,10,3,0,7,13.416119384486189
1085,19,40,4,0,5,21.11463040082912
1086,12,10,2,0,9,10.19554189111574
1087,17,20,3,0,6,4.167586538682738
1088,9,30,4,0,9,11.110308411381121
1089,17,20,4,0,12,6.608204952868061
1090,14,10,2,0,1,11.61484136958144
1091,20,20,3,0,9,7.357303253274833
1092,15,20,3,0,3,4.439162023821484
1093,20,20,3,0,7,7.058294397205709
1094,7,10,2,0,1,13.00826396578588
1095,10,10,2,0,1,11.937775251790756
1096,15,70,4,0,4,50.24292222490409
1097,22,30,4,0,1,14.848504614886318
1098,18,50,4,0,12,30.965137860384303
1099,13,10,2,0,5,10.120612987710684
1100,13,10,4,0,6,10.015929564138958
1101,18,10,2,0,6,11.183674732679345
1102,16,10,3,0,6,10.404132378044105
1103,18,10,2,0,6,11.183674732679345
1104,13,10,2,0,8,9.994618266424816
1105,20,10,2,0,8,12.230372150042273
1106,17,10,2,0,9,10.928936455636325
1107,19,20,3,0,9,6.405575355975472
1108,20,10,2,0,10,12.565524035691968
1109,13,10,2,0,12,11.15854726286529
1110,8,40,4,0,12,21.35018304415557
1111,21,20,3,0,9,8.320362172418735
1112,17,20,3,0,3,5.648290937343362
1113,9,20,3,0,10,5.0201031988307
1114,11,10,2,0,10,10.583277120790102
1115,17,30,4,0,2,12.005861376093387
1116,19,10,1,0,6,11.78153958501634
1117,16,40,4,0,11,20.77169334681171
1118,22,50,4,0,9,31.524089800442194
1119,4,50,4,0,12,31.834895090743604
1120,18,10,2,0,3,11.815624972122126
1121,18,10,2,0,8,11.197543118443141
1122,21,10,2,0,1,14.092343619054907
1123,14,10,2,0,2,11.13821061580593
1124,18,10,2,0,4,11.522334362591092
1125,16,10,2,0,8,10.449303366744457
1126,8,40,4,0,1,21.56671424956342
1127,17,10,2,0,6,10.769218402781247
1128,8,10,2,0,10,11.519991669126101
1129,19,10,2,0,11,12.32676252928951
1130,14,10,2,0,12,11.207662224441215
1131,17,20,3,0,1,7.182812760322534
1132,19,10,2,0,1,13.053624693485759
1133,22,20,3,0,1,10.820599648249305
1134,10,20,4,0,2,5.867436173237694
1135,13,10,2,0,3,10.682528534199909
1136,16,20,3,0,6,3.2047249551001125
1137,23,20,3,0,7,10.055598756729008
1138,15,50,4,0,8,30.214622841065797
1139,22,40,4,0,8,22.10404376051713
1140,11,20,4,0,9,3.100272977846732
1141,18,40,4,0,9,20.865039759609736
1142,12,40,4,0,9,20.2671850796475
1143,17,10,3,0,10,11.13396913887764
1144,20,10,3,0,10,12.540367432582833
1145,20,20,4,0,10,7.788037486735121
1146,8,40,4,0,11,21.134689974954366
1147,19,20,3,0,12,7.905503316400209
1148,14,70,4,0,1,50.47560926956364
1149,17,10,2,0,7,10.729923610553513
1150,9,10,3,0,8,10.717590833107577
1151,17,10,1,0,12,11.980768674974051
1152,17,20,3,0,10,5.097995712381039
1153,22,40,4,0,6,22.097021500732478
1154,8,20,4,0,8,5.211616860145296
1155,17,10,2,0,11,11.47832929543144
1156,12,10,2,0,3,10.724639871083182
1157,18,10,3,0,4,11.494894963242555
1158,19,10,2,0,6,11.669322861500515
1159,7,40,4,0,6,21.019053889514414
1160,18,10,3,0,6,11.155402349489774
1161,20,10,2,0,6,12.217676193348174
1162,17,10,3,0,7,10.700452408237014
1163,9,10,3,0,7,10.66356214331778
1164,17,20,3,0,7,4.064969032959666
1165,18,10,2,0,8,11.197543118443141
1166,22,50,4,0,8,31.474005815352324
1167,6,20,3,0,8,7.042407131456036
1168,7,20,4,0,8,6.169476053716601
1169,14,10,2,0,8,10.049423357144466
1170,16,10,2,0,9,10.599204523537063
1171,15,10,3,0,9,10.32535917364776
1172,18,20,4,0,10,6.0379215675309315
1173,17,20,3,0,10,5.097995712381039
1174,18,40,4,0,10,20.988212878937706
1175,17,50,4,0,10,30.552100677858704
1176,10,10,2,0,10,10.812365101857738
1177,1,10,3,0,11,16.04818420114565
1178,17,10,2,0,11,11.47832929543144
1179,6,10,2,0,12,13.146237803288871
1180,10,10,2,0,2,11.47456638151435
1181,12,10,4,0,6,10.060831452430989
1182,20,30,4,0,7,12.37789288805784
1183,13,20,4,0,10,3.311180946099808
1184,9,10,2,0,5,10.864287605211194
1185,15,50,4,0,5,30.256533945303794
1186,12,10,2,0,1,11.606356405065466
1187,18,10,0,0,4,11.833315133895672
1188,13,20,3,0,6,0.9872767996549695
1189,12,30,4,0,8,10.275179019034125
1190,12,70,4,0,8,50.136578162705746
1191,17,30,4,0,9,11.14572012714079
1192,19,10,1,0,11,12.433046826939258
1193,15,10,2,0,6,10.187199515453987
1194,19,10,2,0,11,12.32676252928951
1195,6,10,2,0,7,12.126318071577376
1196,7,10,2,0,8,11.631908750250048
1197,20,10,2,0,8,12.230372150042273
1198,15,20,4,0,6,2.557375133003534
1199,8,30,4,0,7,11.31503628422883
1200,9,30,4,0,5,11.082335957277246
1201,21,40,4,0,5,21.772107109849376
1202,18,10,2,0,7,11.14584120683055
1203,20,20,4,0,10,7.788037486735121
1204,7,10,2,0,10,11.983809600338558
1205,17,10,2,0,10,11.162295809234234
1206,6,10,2,0,12,13.146237803288871
1207,20,20,4,0,12,8.77290825540849
1208,14,50,4,0,12,30.56870459529374
1209,15,20,3,0,7,2.0801303324034133
1210,18,10,1,0,3,11.926465211000467
1211,8,10,2,0,9,11.294025516848423
1212,14,30,4,0,5,10.407244970106207
1213,14,10,1,0,2,11.255723640416033
1214,19,60,4,0,3,40.762308675988244
1215,12,10,3,0,3,10.695154109084108
1216,9,10,3,0,5,10.835181873017968
1217,19,10,1,0,6,11.78153958501634
1218,21,10,2,0,6,12.82069136533108
1219,13,10,1,0,7,10.068206273086062
1220,15,10,1,0,7,10.274522305029361
1221,0,20,4,0,8,13.052694210024438
1222,10,10,1,0,8,10.5464888318443
1223,19,10,2,0,10,12.033032816874739
1224,18,10,2,0,10,11.562671112351863
1225,20,10,3,0,10,12.540367432582833
1226,18,10,4,0,11,11.89905042594538
1227,14,40,4,0,4,20.375962398970636
1228,18,20,4,0,8,5.305290330663557
1229,13,10,0,0,9,10.502892357241452
1230,18,20,4,0,10,6.0379215675309315
1231,17,40,4,0,4,20.747900863532426
1232,18,10,1,0,7,11.26327461954339
1233,21,10,1,0,8,12.934917757584167
1234,18,10,1,0,9,11.453023466241271
1235,16,10,0,0,5,10.908048024301115
1236,19,10,2,0,9,11.81688127597434
1237,4,40,4,0,4,22.230490064067045
1238,8,50,4,0,10,30.684592487988184
1239,18,10,1,0,7,11.26327461954339
1240,13,10,2,0,11,10.740483291551037
1241,18,40,4,0,12,21.373241944418016
1242,21,20,4,0,9,8.402193031158482
1243,0,10,2,0,12,17.094808430140784
1244,13,10,1,0,2,11.206819314589318
1245,16,70,4,0,9,50.25162412922479
1246,14,30,4,0,9,10.437026903953388
1247,8,10,2,0,2,12.143666769334665
1248,17,30,4,0,4,11.333626901614238
1249,18,10,2,0,4,11.522334362591092
1250,17,10,1,0,11,11.592395022674479
1251,12,10,2,0,2,11.129362276559947
1252,15,20,4,0,3,4.590705885413531
1253,21,10,3,0,8,12.80815909882171
1254,23,30,4,0,12,15.175103206057434
1255,6,10,2,0,8,12.173856646707137
1256,7,10,2,0,5,11.740345571132446
1257,21,20,4,0,5,8.36516975361542
1258,16,10,2,0,1,11.962506889430692
1259,17,20,4,0,10,5.230485764829786
1260,10,20,4,0,6,3.323791505654962
1261,12,10,2,0,7,9.981917806237083
1262,7,10,2,0,8,11.631908750250048
1263,8,10,4,0,3,11.805112468393412
1264,7,20,4,0,4,6.741042356441375
1265,18,10,4,0,4,11.554264635562518
1266,16,40,4,0,6,20.38841009216816
1267,9,10,2,0,7,10.69313501886928
1268,16,10,2,0,8,10.449303366744457
1269,8,20,4,0,10,5.955782203873279
1270,21,30,4,0,10,13.333279225769457
1271,17,10,2,0,2,11.804883831734914
1272,4,30,4,0,5,13.686694000821362
1273,10,40,4,0,5,20.443604801685638
1274,13,70,4,0,6,50.124490960224705
1275,22,30,4,0,6,13.647493092354276
1276,12,30,4,0,7,10.218811486258447
1277,19,20,4,0,7,6.171663092772396
1278,11,60,4,0,7,40.16713167710693
1279,13,30,4,0,11,10.960994774075099
1280,18,20,4,0,12,7.264082063046791
1281,22,20,4,0,7,9.131537213930269
1282,13,10,2,0,10,10.402056799238098
1283,8,20,4,0,12,7.1959525445208845
1284,18,40,4,0,5,20.850158307409785
1285,12,40,4,0,8,20.189195015432755
1286,18,10,2,0,9,11.33755562592329
1287,8,10,2,0,1,12.582267161490872
1288,23,50,4,0,10,31.90645622671724
1289,10,20,4,0,4,4.32864858934531
1290,16,20,4,0,10,4.501051634509304
1291,18,20,4,0,11,6.603914940182577
1292,8,10,4,0,2,12.17396750077419
1293,6,10,2,0,2,13.087078037725101
1294,16,10,1,0,7,10.51971121828513
1295,7,10,2,0,8,11.631908750250048
1296,20,30,4,0,8,12.424468923448773
1297,7,20,4,0,12,7.9172733629342655
1298,6,10,2,0,5,12.27750783384157
1299,6,10,2,0,8,12.173856646707137
1300,8,10,2,0,8,11.153466577423892
1301,21,10,2,0,9,12.955142381680306
1302,8,10,2,0,9,11.294025516848423
1303,12,20,3,0,10,3.239904734033809
1304,7,10,2,0,10,11.983809600338558
1305,7,10,2,0,10,11.983809600338558
1306,22,10,2,0,10,13.78729216817751
1307,3,20,4,0,9,10.238338164986612
1308,7,10,2,0,3,12.228054741723488
1309,12,20,4,0,7,1.5491341755031598
1310,9,10,1,0,8,10.868758492148421
1311,11,50,4,0,4,30.329994866856417
1312,11,50,4,0,10,30.345341697081043
1313,18,10,1,0,7,11.26327461954339
1314,13,20,3,0,3,3.938163078721163
1315,18,20,3,0,7,5.061866133995366
1316,19,10,3,0,8,11.655552687950626
1317,0,10,3,0,9,16.435793539446447
1318,21,10,3,0,9,12.93074379849206
1319,13,10,3,0,9,10.120079595818188
1320,12,20,3,0,12,5.177583804115355
1321,5,20,3,0,12,9.440220623039515
1322,23,20,3,0,10,10.515733612110207
1323,8,10,2,0,5,11.266509204237904
1324,15,10,1,0,7,10.274522305029361
1325,20,10,2,0,7,12.183054101784913
1326,22,10,3,0,9,13.575811235495618
1327,10,10,3,0,1,11.911292919532263
1328,11,10,2,0,7,10.126211906280888
1329,21,10,1,0,12,13.853984268848876
1330,7,10,2,0,2,12.584519342631838
1331,18,10,2,0,5,11.310145217673332
1332,19,10,2,0,5,11.790585242659802
1333,13,10,1,0,6,10.110073287365333
1334,5,20,4,0,6,8.09660499068735
1335,8,40,4,0,6,20.758110268757108
1336,8,20,4,0,6,5.181752496398084
1337,13,10,1,0,8,10.12541225031954
1338,18,10,2,0,8,11.197543118443141
1339,14,70,4,0,10,50.22134896901179
1340,7,10,4,0,10,12.014513500031109
1341,8,10,2,0,4,11.479504953074674
1342,8,40,4,0,7,20.73775150809245
1343,11,10,1,0,7,10.2553277138409
1344,11,10,2,0,8,10.18309202808343
1345,19,10,2,0,10,12.033032816874739
1346,18,10,1,0,10,11.67591290648336
1347,17,40,4,0,11,20.94186620178703
1348,23,70,4,0,3,51.26386799855035
1349,19,10,2,0,5,11.790585242659802
1350,10,70,4,0,7,50.202831027188644
1351,11,20,4,0,10,3.8427709037461644
1352,9,20,4,0,8,4.273109619061845
1353,9,10,3,0,1,12.197556455918999
1354,6,10,2,0,7,12.126318071577376
1355,0,20,3,0,8,13.000169425348806
1356,9,20,3,0,11,5.688289005353164
1357,22,10,4,0,10,13.813988107565175
1358,17,10,3,0,7,10.700452408237014
1359,6,50,4,0,1,31.4793650504765
1360,12,10,2,0,1,11.606356405065466
1361,7,10,2,0,1,13.00826396578588
1362,7,10,1,0,1,13.109024004514287
1363,8,10,2,0,2,12.143666769334665
1364,12,10,1,0,2,11.24696775270046
1365,7,10,2,0,4,11.944895078990765
1366,7,10,2,0,4,11.944895078990765
1367,14,10,1,0,4,10.535734717258368
1368,7,10,2,0,5,11.740345571132446
1369,7,10,2,0,5,11.740345571132446
1370,6,10,2,0,6,12.161101689055666
1371,8,10,2,0,6,11.139543317869403
1372,9,20,4,0,6,4.23663480294159
1373,8,10,2,0,7,11.101559395517386
1374,21,10,2,0,7,12.78770201273811
1375,12,50,4,0,8,30.16003791226315
1376,12,10,2,0,8,10.039615469328716
1377,7,10,1,0,8,11.744482965269782
1378,7,10,1,0,9,11.878050168399845
1379,8,10,1,0,9,11.40993388773974
1380,7,10,2,0,10,11.983809600338558
1381,18,10,2,0,10,11.562671112351863
1382,8,10,2,0,11,11.826470468328505
1383,18,20,3,0,11,6.499482401278972
1384,10,70,4,0,8,50.21433499336585
1385,14,10,2,0,9,10.205199924187287
1386,15,20,3,0,6,2.27414742667956
1387,15,10,3,0,7,10.114477282677983
1388,13,10,3,0,7,9.90482809859276
1389,9,20,3,0,7,3.9668437179167797
1390,9,20,3,0,8,4.10987162377212
1391,18,10,3,0,8,11.169305839756781
1392,7,10,2,0,9,11.766753879284428
1393,9,20,3,0,10,5.0201031988307
1394,7,10,2,0,10,11.983809600338558
1395,6,10,2,0,9,12.30276315857893
1396,21,10,2,0,9,12.955142381680306
1397,9,10,2,0,3,11.389572152004773
1398,10,20,4,0,3,5.057865451801745
1399,7,10,2,0,5,11.740345571132446
1400,6,10,2,0,5,12.27750783384157
1401,8,10,2,0,5,11.266509204237904
1402,13,10,2,0,5,10.120612987710684
1403,8,10,2,0,6,11.139543317869403
1404,11,10,2,0,6,10.167840079849473
1405,12,10,2,0,7,9.981917806237083
1406,12,10,2,0,8,10.039615469328716
1407,7,10,2,0,10,11.983809600338558
1408,8,10,2,0,11,11.826470468328505
1409,7,10,2,0,12,12.646030361350139
1410,14,70,4,0,12,50.38347232605435
1411,12,10,2,0,9,10.19554189111574
1412,7,10,2,0,3,12.228054741723488
1413,14,10,1,0,4,10.535734717258368
1414,7,10,2,0,6,11.618558852591002
1415,9,10,2,0,6,10.732564504826282
1416,7,10,2,0,7,11.58214597959429
1417,7,10,1,0,11,12.385413483854567
1418,18,10,2,0,6,11.183674732679345
1419,7,10,2,0,9,11.766753879284428
1420,7,10,4,0,11,12.308685158210086
1421,7,10,2,0,2,12.584519342631838
1422,7,10,2,0,2,12.584519342631838
1423,11,10,4,0,6,10.20400970181117
1424,18,30,4,0,10,11.767786042991728
1425,19,10,1,0,11,12.433046826939258
1426,10,20,4,0,5,3.727250231947489
1427,10,10,1,0,7,10.491579051730254
1428,11,10,1,0,7,10.2553277138409
1429,15,70,4,0,8,50.169433088523206
1430,14,10,2,0,8,10.049423357144466
1431,7,10,2,0,8,11.631908750250048
1432,7,10,2,0,8,11.631908750250048
1433,20,40,4,0,8,21.36332650894331
1434,7,10,2,0,9,11.766753879284428
1435,20,20,4,0,10,7.788037486735121
1436,7,10,2,0,10,11.983809600338558
1437,17,40,4,0,10,20.77032894135378
1438,20,50,4,0,11,31.207076089730517
1439,9,10,4,0,1,12.25352212826838
1440,7,10,2,0,5,11.740345571132446
1441,7,10,2,0,6,11.618558852591002
1442,7,10,2,0,7,11.58214597959429
1443,7,10,2,0,12,12.646030361350139
1444,12,10,2,0,9,10.19554189111574
1445,12,40,4,0,3,20.538442418148886
1446,7,10,4,0,5,11.771684511354882
1447,8,10,2,0,2,12.143666769334665
1448,17,10,3,0,10,11.13396913887764
1449,20,30,4,0,1,13.721554513216205
1450,8,20,3,0,3,6.325863643547953
1451,13,10,2,0,3,10.682528534199909
1452,7,10,2,0,4,11.944895078990765
1453,19,10,2,0,4,11.994277997566824
1454,0,10,4,0,5,16.45852203564753
1455,7,10,2,0,5,11.740345571132446
1456,9,60,4,0,5,40.35952235549731
1457,17,50,4,0,6,30.41069011226099
1458,17,60,4,0,7,40.32356085818136
1459,19,10,3,0,8,11.655552687950626
1460,16,10,2,0,8,10.449303366744457
1461,5,40,4,0,8,21.677499549860396
1462,16,10,4,0,8,10.484502036602416
1463,20,10,2,0,9,12.358689194653337
1464,20,10,2,0,9,12.358689194653337
1465,14,10,2,0,9,10.205199924187287
1466,6,10,2,0,6,12.161101689055666
1467,18,70,4,0,1,50.7166756916493
1468,8,20,4,0,9,5.506009987137889
1469,21,10,2,0,7,12.78770201273811
1470,7,10,2,0,5,11.740345571132446
1471,22,10,2,0,5,13.576208856788096
1472,8,10,2,0,7,11.101559395517386
1473,0,20,4,0,5,13.149419724682572
1474,19,70,4,0,6,50.48817373543092
1475,18,10,1,0,6,11.300714998341425
1476,10,10,1,0,6,10.531763162794423
1477,6,50,4,0,6,30.93099420304363
1478,17,10,2,0,7,10.729923610553513
1479,16,10,2,0,8,10.449303366744457
1480,8,10,2,0,11,11.826470468328505
1481,15,60,5,1,1,40.65309054438262
