,occurTime,age,occupation,isRock,occurMonth
0,13,10,1,1,7
1,6,10,2,1,9
2,12,10,2,1,10
3,13,10,2,1,12
4,7,10,2,1,6
5,10,10,2,1,8
6,8,10,2,1,7
7,11,20,4,1,5
8,20,40,4,1,11
9,18,10,2,1,6
10,18,60,4,1,8
11,15,10,2,1,8
12,8,30,4,1,7
13,15,50,4,1,5
14,8,30,4,1,12
15,22,40,4,1,4
16,13,40,4,1,9
17,8,20,4,1,2
18,19,50,4,1,2
19,8,40,4,1,9
20,13,10,2,1,2
21,17,10,2,1,3
22,12,10,2,1,4
23,7,10,4,1,5
24,18,10,2,1,7
25,15,20,3,1,5
26,19,40,4,1,12
27,0,30,4,1,1
28,17,10,4,1,8
29,16,20,3,1,8
30,8,10,2,1,10
31,10,20,3,1,2
32,8,20,3,1,6
33,6,20,4,1,7
34,22,20,3,1,11
35,16,20,4,1,1
36,8,10,2,1,1
37,18,40,4,1,2
38,19,20,4,1,3
39,20,10,2,1,3
40,7,40,4,1,4
41,20,20,3,1,7
42,11,10,3,1,8
43,22,40,4,1,9
44,20,40,4,1,11
45,15,20,4,1,12
46,14,10,2,1,12
47,19,20,3,1,12
48,13,40,4,1,6
49,10,60,4,1,10
50,16,10,3,1,7
51,7,10,2,1,9
52,13,10,2,1,12
53,17,20,4,1,4
54,17,20,4,1,4
55,7,40,4,1,5
56,16,10,2,1,7
57,9,20,4,1,12
58,19,20,4,1,5
59,8,20,3,1,7
60,21,70,4,1,11
62,13,10,2,1,3
63,9,20,4,1,5
64,19,20,4,1,11
65,15,60,4,1,3
66,7,10,2,1,9
67,9,20,3,1,12
68,7,20,4,1,6
69,12,60,4,1,1
70,0,30,4,1,9
71,0,50,4,1,7
72,12,10,2,1,1
73,8,20,4,1,5
74,12,10,2,1,3
75,8,20,4,1,4
76,16,10,2,1,5
77,18,10,2,1,6
78,8,10,2,1,10
79,17,40,4,1,10
80,13,20,4,1,6
81,7,10,2,1,4
82,13,30,4,1,7
83,10,10,3,1,9
84,16,10,2,1,11
85,9,20,4,1,1
86,13,50,4,1,10
87,8,10,2,1,8
88,19,10,4,1,6
90,21,10,2,1,7
91,16,50,4,1,4
92,21,40,4,1,8
93,21,60,4,1,6
94,8,10,2,1,1
95,16,10,2,1,4
96,8,10,4,1,7
97,17,10,2,1,8
98,8,10,2,1,5
99,0,10,2,1,6
100,16,10,2,1,6
101,9,20,3,1,10
102,18,10,2,1,11
103,8,10,2,1,12
104,7,10,2,1,5
105,7,10,1,1,11
106,13,10,2,1,3
107,7,30,4,1,12
108,14,10,1,1,3
109,17,30,4,1,9
110,13,10,2,1,9
111,20,10,2,1,4
112,13,10,4,1,8
113,19,10,2,1,11
114,15,10,2,1,8
115,8,50,4,1,11
116,7,20,4,1,11
117,7,20,4,1,3
118,7,10,2,1,9
119,7,10,2,1,6
120,23,10,2,1,3
121,0,10,1,1,3
122,9,40,4,1,8
123,8,20,4,1,9
124,8,20,4,1,1
125,8,10,2,1,5
126,11,30,4,1,9
127,18,20,4,1,8
128,10,10,1,1,9
129,7,10,2,1,8
130,8,20,4,1,5
131,10,70,4,1,5
132,17,40,4,1,8
133,18,10,3,1,4
134,7,10,2,1,6
135,8,40,4,1,7
136,9,60,4,1,9
137,10,20,4,1,12
138,10,50,4,1,12
139,16,10,2,1,5
141,12,70,4,1,5
143,13,50,4,1,2
144,20,20,4,1,9
145,20,20,4,1,10
146,17,10,0,1,3
147,15,10,2,1,10
148,18,10,4,1,6
149,17,10,2,1,6
150,14,10,2,1,6
151,18,20,4,1,6
152,19,10,2,1,7
153,18,10,2,1,8
154,16,10,2,1,9
155,8,10,2,1,4
156,7,30,4,1,7
157,19,10,2,1,7
158,7,20,3,1,7
159,23,20,3,1,4
160,0,20,4,1,7
161,18,10,2,1,1
162,20,20,3,1,2
163,9,10,2,1,6
164,21,20,4,1,2
165,17,10,3,1,11
166,9,10,2,1,6
167,8,10,2,1,6
168,8,10,2,1,8
169,19,10,2,1,9
170,7,10,2,1,9
171,16,10,0,1,3
172,18,10,2,1,3
173,7,20,3,1,4
174,22,10,4,1,9
175,22,20,4,1,11
176,17,20,4,1,6
177,6,10,2,1,4
178,13,10,2,1,7
179,8,10,2,1,4
180,7,10,2,1,6
181,8,30,4,1,8
182,8,30,4,1,9
183,16,10,2,1,2
184,16,10,2,1,6
185,18,60,4,1,10
186,16,10,1,1,8
187,8,20,4,1,9
188,18,20,4,1,9
189,8,10,2,1,1
190,8,10,2,1,4
191,18,30,4,1,7
192,20,10,2,1,5
193,8,30,4,1,3
194,18,40,4,1,6
195,16,20,3,1,1
196,20,10,2,1,4
197,8,10,2,1,7
198,7,10,2,1,10
199,18,10,2,1,5
200,18,30,4,1,7
201,7,10,2,1,1
202,19,10,4,1,12
203,6,30,4,1,2
204,19,10,2,1,5
205,8,10,4,1,6
206,8,10,2,1,9
207,6,10,4,1,9
208,6,10,2,1,6
209,7,10,2,1,12
210,9,40,4,1,5
211,10,10,2,1,4
212,14,10,2,1,5
213,17,10,1,1,6
214,0,20,4,1,9
215,8,10,2,1,6
216,16,10,2,1,10
217,7,10,2,1,5
218,15,40,4,1,7
219,19,50,4,1,8
220,11,10,2,1,8
221,8,20,4,1,8
222,16,10,4,1,8
223,16,40,4,1,11
224,0,20,3,1,5
225,21,50,4,1,8
226,8,10,2,1,4
227,15,30,4,1,8
228,7,10,2,1,4
229,17,10,2,1,1
230,7,10,2,1,10
232,19,10,2,1,1
233,11,60,4,1,9
234,7,10,2,1,9
235,7,10,2,1,5
236,7,30,4,1,8
237,7,10,2,1,9
238,22,10,2,1,8
239,8,10,2,1,7
240,9,10,0,1,3
241,7,10,2,1,2
242,11,10,2,1,3
243,7,10,2,1,8
244,15,10,2,1,9
245,12,10,3,1,4
246,15,10,3,1,5
247,14,20,3,1,6
248,13,10,3,1,6
249,9,10,4,1,12
250,19,20,3,1,1
251,14,10,3,1,7
252,23,20,3,1,12
253,20,20,4,1,12
254,14,20,3,1,8
255,19,20,3,1,9
256,20,10,4,1,7
257,18,10,3,1,10
258,22,20,3,1,11
259,8,10,2,1,10
260,8,10,2,1,5
261,8,10,2,1,8
262,16,10,2,1,5
263,18,20,3,1,7
264,18,10,2,1,11
265,20,10,2,1,2
266,19,10,2,1,11
267,7,10,2,1,11
268,5,60,4,1,1
269,9,10,2,1,2
270,10,40,4,1,2
271,17,10,2,1,5
272,17,10,2,1,6
273,13,10,2,1,8
274,18,30,4,1,10
275,10,40,4,1,1
276,18,10,2,1,7
277,18,10,2,1,3
278,19,10,3,1,4
279,19,10,2,1,8
280,19,10,2,1,10
281,16,10,2,1,11
282,20,10,2,1,11
284,7,10,2,1,9
285,22,10,4,1,8
286,6,20,3,1,2
287,19,20,4,1,3
288,17,20,3,1,4
289,22,20,3,1,5
290,15,10,2,1,9
291,17,20,3,1,10
292,13,10,2,1,3
293,19,20,4,1,9
294,18,20,3,1,12
295,9,20,3,1,5
296,20,10,2,1,1
297,19,20,3,1,2
298,9,20,4,1,2
299,16,10,2,1,3
300,17,20,3,1,4
301,19,10,2,1,4
302,17,20,4,1,4
303,16,20,4,1,5
304,15,40,4,1,6
305,16,50,4,1,7
306,11,10,2,1,8
307,8,10,2,1,10
308,16,20,3,1,8
309,18,20,3,1,10
310,9,40,4,1,11
311,1,20,4,1,5
312,18,20,4,1,7
313,17,10,4,1,8
314,13,10,2,1,10
316,21,30,4,1,9
317,7,10,0,1,10
318,7,50,4,1,10
319,18,10,1,1,12
320,9,70,4,1,12
321,16,10,3,1,8
322,21,20,4,1,10
323,17,10,2,1,12
324,18,30,4,1,12
325,16,10,1,1,3
326,17,60,4,1,11
327,18,20,4,1,9
328,20,40,4,1,11
329,9,40,4,1,11
330,6,10,2,1,1
331,8,40,4,1,12
332,16,10,2,1,3
333,22,20,4,1,6
335,17,10,2,1,2
336,6,10,2,1,5
337,7,10,2,1,8
338,11,70,4,1,7
339,8,20,4,1,7
340,18,10,1,1,10
341,10,10,2,1,6
342,10,20,3,1,9
343,2,10,3,1,9
344,20,50,4,1,6
345,11,30,4,1,6
346,18,30,4,1,3
347,23,50,4,1,4
348,16,10,2,1,4
349,23,20,4,1,6
350,12,20,3,1,3
351,1,20,3,1,7
352,20,10,1,1,10
353,8,10,4,1,7
354,17,40,4,1,5
355,15,10,4,1,3
356,7,10,2,1,4
357,7,10,2,1,5
358,19,10,2,1,7
359,8,20,3,1,9
360,8,10,2,1,11
361,13,10,2,1,2
362,8,30,4,1,10
363,7,10,1,1,2
364,7,10,2,1,1
365,21,10,2,1,6
366,22,10,2,1,7
367,10,20,4,1,9
368,10,60,4,1,12
369,17,10,2,1,12
370,18,10,2,1,4
371,17,60,4,1,5
372,17,70,4,1,5
373,7,10,3,1,5
374,8,30,4,1,7
375,20,10,2,1,10
376,8,10,2,1,11
377,22,40,4,1,4
378,17,10,2,1,5
379,7,10,2,1,6
380,20,10,2,1,6
381,7,10,2,1,9
382,16,10,3,1,7
383,18,70,4,1,7
384,11,50,4,1,8
385,18,10,2,1,2
386,8,40,4,1,5
387,13,20,4,1,9
388,7,10,2,1,1
389,6,10,1,1,1
390,7,10,2,1,6
391,16,10,2,1,9
392,0,40,4,1,2
393,8,10,2,1,10
394,7,10,3,1,10
395,6,10,2,1,1
396,9,10,2,1,9
397,8,10,2,1,2
398,14,10,2,1,3
399,15,10,2,1,8
400,6,10,2,1,7
401,9,10,2,1,3
402,17,10,1,1,11
403,18,70,4,1,8
404,10,20,4,1,3
405,7,10,2,1,10
406,15,20,4,1,2
407,8,50,4,1,5
408,10,40,4,1,8
409,7,10,2,1,2
410,16,30,4,1,4
412,7,10,2,1,5
413,7,60,4,1,5
414,0,70,4,1,5
415,6,20,4,1,5
416,6,10,2,1,5
417,7,10,2,1,5
418,22,10,2,1,7
419,16,10,2,1,9
420,16,10,2,0,11
421,12,40,4,0,6
422,17,40,4,0,9
423,11,10,2,0,5
424,15,10,2,0,6
425,18,10,2,0,6
426,19,10,2,0,6
427,19,10,2,0,7
428,19,10,2,0,7
429,7,10,2,0,7
430,20,10,2,0,10
431,19,60,4,0,12
432,19,10,2,0,3
433,9,20,4,0,7
434,8,50,4,0,9
435,16,50,4,0,5
436,18,10,1,0,3
437,20,10,2,0,5
438,19,40,4,0,5
439,16,10,1,0,5
440,14,30,4,0,12
441,18,10,2,0,12
442,18,50,4,0,4
443,18,20,4,0,11
444,16,20,4,0,5
445,8,30,4,0,11
446,19,50,4,0,5
447,0,20,3,0,8
448,0,60,4,0,8
449,8,50,4,0,5
450,8,10,2,0,1
451,19,30,4,0,2
452,15,20,3,0,9
453,18,30,4,0,5
454,6,10,3,0,5
455,16,10,2,0,5
456,7,10,2,0,6
457,17,10,2,0,7
458,3,40,4,0,8
459,12,20,4,0,9
460,16,10,2,0,10
461,18,10,2,0,10
462,20,10,2,0,10
463,15,50,4,0,9
464,8,10,2,0,12
465,8,40,4,0,1
466,15,20,3,0,6
467,14,70,4,0,6
468,15,30,4,0,8
469,18,20,3,0,8
470,21,40,4,0,10
471,10,70,4,0,12
472,18,20,3,0,12
473,16,60,4,0,12
474,14,60,4,0,4
475,17,40,4,0,4
476,18,20,3,0,7
477,12,50,4,0,1
478,6,20,3,0,1
479,21,50,4,0,2
480,21,10,1,0,2
481,16,10,4,0,3
482,8,10,4,0,5
483,16,20,4,0,6
484,17,10,2,0,6
485,7,10,2,0,7
486,9,10,2,0,7
487,16,20,4,0,8
488,13,20,4,0,8
489,8,40,4,0,9
490,21,10,2,0,9
491,23,20,4,0,9
492,19,20,3,0,10
493,13,30,4,0,12
494,23,40,4,0,6
495,18,70,4,0,11
496,17,20,4,0,9
497,13,20,3,0,6
498,22,20,3,0,11
499,10,10,1,0,3
500,16,20,4,0,3
501,10,20,3,0,7
502,19,20,3,0,8
503,19,10,3,0,5
504,1,20,3,0,9
505,17,20,3,0,3
506,15,20,3,0,11
507,19,20,3,0,12
508,0,20,3,0,10
510,19,20,3,0,4
511,22,20,3,0,5
512,22,20,4,0,2
513,20,20,4,0,9
514,14,10,1,0,12
515,16,10,2,0,1
516,19,20,3,0,4
517,15,10,2,0,5
518,11,10,2,0,5
519,7,10,2,0,5
520,6,10,2,0,6
521,19,20,3,0,7
522,18,10,3,0,7
523,17,10,4,0,7
524,9,10,2,0,8
525,17,10,3,0,8
526,7,10,2,0,8
527,11,10,4,0,9
528,13,30,4,0,9
529,8,10,2,0,9
530,8,10,2,0,10
531,7,10,2,0,10
532,10,20,3,0,2
533,23,20,3,0,11
534,6,70,4,0,6
535,10,10,4,0,9
536,19,10,3,0,2
537,15,50,4,0,5
538,15,10,2,0,9
539,6,10,2,0,9
540,17,30,4,0,10
541,0,40,4,0,12
542,8,10,2,0,4
543,8,10,4,0,4
544,8,10,2,0,6
545,10,40,4,0,6
546,16,10,4,0,7
547,16,10,2,0,8
548,17,40,4,0,8
549,22,40,4,0,10
550,10,20,4,0,10
551,16,60,4,0,9
552,12,10,1,0,3
553,18,20,4,0,5
554,3,20,4,0,4
555,14,20,3,0,4
556,9,10,3,0,5
557,6,20,3,0,5
558,12,20,3,0,11
559,17,50,4,0,8
560,7,10,2,0,4
561,17,10,1,0,12
562,16,30,4,0,4
563,18,60,4,0,11
564,7,10,2,0,12
565,13,10,2,0,2
566,7,10,2,0,9
567,18,70,4,0,12
568,11,10,2,0,7
569,15,50,4,0,6
570,8,30,4,0,1
571,18,10,2,0,1
572,9,10,1,0,2
573,18,30,4,0,2
574,20,10,2,0,4
575,19,10,2,0,5
576,16,10,2,0,6
577,6,50,4,0,7
578,18,10,2,0,7
579,8,10,2,0,7
580,16,10,2,0,7
581,17,10,1,0,8
582,7,10,2,0,9
583,20,10,4,0,9
584,14,10,2,0,10
585,17,60,4,0,11
586,15,40,4,0,8
587,20,50,4,0,10
588,9,20,4,0,8
589,18,10,2,0,1
590,18,10,2,0,8
591,8,10,2,0,9
592,8,10,2,0,11
593,8,10,2,0,12
594,18,10,2,0,7
595,0,50,4,0,9
596,17,50,4,0,12
597,18,30,4,0,12
598,18,10,1,0,2
599,18,10,2,0,3
600,9,30,4,0,4
601,12,10,2,0,5
602,19,10,2,0,9
603,5,10,2,0,9
604,15,70,4,0,11
605,13,10,2,0,3
606,0,10,2,0,3
607,0,10,2,0,3
608,21,10,4,0,5
609,19,10,1,0,5
610,16,10,2,0,7
611,7,70,4,0,10
612,16,20,4,0,12
613,9,30,4,0,9
614,20,20,4,0,6
615,21,40,4,0,4
616,18,20,4,0,12
617,15,70,4,0,1
618,14,10,2,0,7
619,18,30,4,0,8
620,9,20,4,0,9
621,20,50,4,0,1
622,8,40,4,0,4
623,18,10,2,0,9
624,12,10,4,0,4
625,18,10,1,0,5
626,23,10,1,0,3
627,16,40,4,0,4
628,10,10,1,0,8
629,5,40,4,0,12
630,8,10,2,0,1
631,20,20,4,0,3
632,7,10,2,0,4
633,7,20,4,0,6
634,8,10,2,0,7
635,7,20,4,0,7
636,6,40,4,0,7
637,8,10,4,0,8
638,7,10,2,0,8
639,0,30,4,0,12
640,16,10,2,0,12
641,17,10,2,0,10
642,7,10,2,0,10
643,8,70,4,0,3
644,7,10,3,0,12
645,7,10,2,0,11
646,8,10,4,0,11
647,18,40,4,0,7
648,7,10,2,0,11
649,16,20,3,0,9
650,16,10,4,0,12
651,7,20,4,0,12
652,0,30,4,0,5
653,11,50,4,0,5
654,20,10,2,0,6
655,19,10,3,0,10
656,20,10,2,0,11
657,18,10,4,0,7
658,18,10,2,0,3
659,7,10,2,0,12
660,22,10,2,0,4
661,21,60,4,0,5
662,23,70,4,0,9
663,7,10,2,0,11
664,6,10,2,0,1
665,19,10,1,0,6
666,8,10,2,0,8
667,8,10,2,0,12
668,8,10,2,0,5
669,14,10,4,0,1
670,20,10,4,0,2
671,15,10,2,0,5
672,8,10,4,0,7
673,15,10,4,0,9
674,20,20,3,0,10
675,15,10,2,0,12
676,9,10,2,0,6
677,8,10,2,0,6
678,13,30,4,0,1
679,19,10,1,0,9
680,6,20,4,0,7
681,9,50,4,0,7
682,15,20,4,0,6
683,19,10,2,0,4
684,8,10,2,0,5
685,19,10,2,0,6
686,8,10,2,0,6
687,9,10,1,0,8
688,8,10,2,0,11
689,8,10,2,0,10
690,7,10,2,0,6
691,16,40,4,0,3
692,10,10,2,0,8
693,11,10,2,0,12
694,22,10,4,0,3
695,7,10,2,0,5
696,8,10,2,0,10
697,10,30,4,0,5
698,15,70,4,0,5
699,18,50,4,0,10
700,11,10,2,0,12
701,16,10,1,0,11
702,7,40,4,0,2
703,7,10,2,0,5
704,11,70,4,0,6
705,18,10,2,0,7
706,9,10,1,0,8
707,7,30,4,0,8
708,8,50,4,0,8
709,20,10,4,0,8
710,7,10,2,0,9
711,18,10,2,0,9
712,17,10,2,0,9
713,8,10,2,0,10
714,19,10,2,0,10
715,6,10,2,0,11
716,18,30,4,0,7
717,6,20,4,0,11
718,20,10,1,0,10
719,16,70,4,0,9
720,12,10,0,0,12
721,18,70,4,0,9
722,0,20,4,0,5
723,14,10,2,0,9
724,12,40,4,0,12
725,18,30,4,0,8
726,12,40,4,0,5
727,8,20,4,0,9
728,18,30,4,0,2
729,11,10,1,0,8
730,21,10,1,0,9
731,21,10,2,0,9
732,21,30,4,0,8
733,16,10,1,0,11
734,13,10,1,0,4
735,16,50,4,0,3
736,9,10,3,0,7
737,7,10,3,0,9
738,10,10,1,0,2
739,10,20,4,0,2
740,7,10,2,0,2
741,7,10,2,0,3
742,9,10,2,0,3
743,7,20,4,0,4
744,7,10,3,0,5
745,7,40,4,0,5
746,11,10,2,0,6
747,6,10,2,0,6
748,17,60,4,0,8
749,21,30,4,0,9
750,8,10,2,0,10
751,7,10,1,0,11
752,12,20,3,0,9
753,7,10,2,0,1
754,16,10,3,0,10
755,9,20,3,0,12
756,8,10,2,0,1
757,9,10,1,0,1
758,8,10,2,0,2
759,7,50,4,0,2
760,14,10,2,0,3
761,7,10,2,0,5
762,7,10,2,0,5
763,7,30,4,0,8
764,7,10,2,0,10
765,16,30,4,0,11
766,7,10,2,0,12
767,16,10,2,0,12
768,17,20,4,0,1
769,9,10,2,0,5
770,17,40,4,0,6
771,7,10,2,0,3
772,8,10,2,0,3
773,10,10,4,0,12
774,18,20,4,0,3
775,6,10,2,0,12
776,13,10,2,0,12
777,6,10,2,0,1
778,7,20,4,0,8
779,12,10,2,0,12
780,8,10,2,0,12
781,8,40,4,0,7
782,7,30,4,0,8
783,22,20,4,0,8
784,12,30,4,0,4
785,21,30,4,0,8
786,19,10,1,0,7
787,6,10,2,0,1
788,8,10,2,0,5
789,17,10,1,0,11
790,22,20,4,0,3
791,18,10,2,0,5
792,17,10,2,0,4
793,17,10,2,0,11
794,16,70,4,0,12
795,8,10,2,0,10
796,12,20,3,0,7
797,6,20,4,0,3
798,22,20,4,0,6
799,12,20,4,0,5
800,18,20,4,0,5
801,15,70,4,0,7
802,17,20,4,0,6
803,15,50,4,0,5
804,11,40,4,0,8
805,22,30,4,0,9
806,16,10,1,0,12
807,5,10,2,0,8
808,23,20,4,0,8
809,8,10,4,0,9
810,17,10,2,0,10
811,22,10,2,0,2
812,17,10,4,0,5
813,5,20,4,0,6
814,12,10,2,0,7
815,19,10,2,0,2
816,11,20,4,0,2
817,19,10,2,0,2
818,10,10,1,0,3
819,17,20,4,0,5
820,15,10,2,0,7
821,13,10,2,0,9
822,13,10,2,0,9
823,11,20,4,0,9
824,13,20,3,0,10
825,17,10,2,0,10
826,16,10,2,0,12
827,8,50,4,0,7
828,8,10,2,0,8
829,8,10,2,0,7
830,21,10,2,0,3
831,20,20,3,0,6
832,8,10,1,0,7
833,5,10,3,0,8
834,16,20,3,0,10
835,7,10,2,0,10
836,17,10,2,0,11
837,1,20,3,0,4
838,18,20,3,0,11
839,20,10,2,0,2
840,15,20,3,0,2
841,13,10,1,0,5
842,17,10,3,0,6
843,22,20,3,0,9
844,7,10,2,0,11
845,20,20,3,0,8
846,22,10,2,0,7
847,7,40,4,0,2
848,12,10,4,0,2
849,6,10,2,0,7
850,7,10,2,0,7
851,9,10,2,0,9
852,14,30,4,0,5
853,8,10,2,0,8
854,7,50,4,0,9
855,8,10,2,0,10
856,8,10,2,0,12
857,19,10,2,0,4
858,18,10,4,0,8
859,15,10,1,0,2
860,8,10,1,0,11
861,12,20,3,0,12
862,2,10,3,0,11
863,2,20,3,0,11
864,15,10,3,0,11
865,15,10,3,0,11
866,6,10,2,0,1
867,17,20,3,0,10
868,17,40,4,0,12
869,7,10,2,0,11
870,22,20,3,0,1
871,14,10,2,0,8
872,15,70,4,0,1
873,12,10,3,0,6
874,20,20,3,0,7
875,17,10,4,0,9
876,15,10,1,0,10
877,8,10,2,0,7
878,8,10,2,0,11
879,19,10,2,0,9
880,7,10,2,0,10
881,18,30,4,0,10
882,14,20,4,0,8
883,12,10,2,0,1
884,15,50,4,0,5
885,12,10,2,0,9
886,8,20,4,0,5
887,21,50,4,0,7
888,15,10,2,0,7
889,7,10,2,0,12
890,7,10,2,0,12
891,7,10,1,0,7
892,17,70,4,0,7
893,14,10,2,0,2
894,7,10,0,0,6
895,7,10,2,0,3
896,7,10,2,0,8
897,7,70,4,0,10
898,8,10,4,0,11
899,19,10,2,0,5
900,18,60,4,0,11
901,7,10,2,0,6
902,17,10,1,0,9
903,11,70,4,0,9
904,13,10,2,0,9
905,8,20,4,0,7
906,17,10,2,0,4
907,12,30,4,0,11
908,20,30,4,0,11
909,8,10,2,0,11
910,20,10,4,0,12
911,13,10,2,0,12
912,7,10,2,0,7
913,9,10,4,0,7
914,18,70,4,0,4
915,7,20,4,0,8
916,19,30,4,0,7
917,16,40,4,0,6
918,6,10,2,0,2
919,21,30,4,0,7
920,8,20,4,0,7
921,18,40,4,0,10
922,11,10,2,0,7
923,8,10,2,0,8
924,7,10,4,0,5
925,5,10,2,0,12
926,19,10,2,0,2
927,8,20,4,0,3
928,6,60,4,0,5
929,17,10,2,0,8
930,12,10,2,0,10
931,23,50,4,0,8
932,19,50,4,0,7
933,9,10,4,0,2
934,6,10,2,0,5
935,15,10,1,0,1
936,17,10,2,0,2
937,11,10,4,0,3
938,6,10,4,0,9
939,8,10,2,0,10
940,8,10,3,0,10
941,8,10,2,0,11
942,15,40,4,0,4
943,17,20,4,0,7
944,11,10,2,0,3
945,9,10,2,0,7
946,22,10,1,0,10
947,20,30,4,0,10
948,12,70,4,0,9
949,18,20,4,0,11
950,18,10,2,0,4
951,10,50,4,0,3
952,7,10,1,0,3
953,21,10,2,0,6
954,19,20,4,0,7
955,16,30,4,0,9
956,19,20,4,0,10
957,14,10,2,0,2
958,16,10,2,0,8
959,17,10,2,0,11
960,18,10,2,0,8
961,7,10,2,0,10
962,16,10,2,0,12
963,13,20,4,0,7
964,9,70,4,0,8
965,15,10,0,0,5
966,18,10,2,0,7
967,7,10,2,0,1
968,17,10,2,0,1
969,7,10,2,0,7
970,8,10,2,0,7
971,1,30,4,0,7
972,13,10,2,0,8
973,7,40,4,0,7
974,18,10,1,0,10
975,11,30,4,0,1
976,18,10,2,0,4
977,15,70,4,0,5
978,19,40,4,0,7
979,8,40,4,0,4
980,18,30,4,0,5
981,14,10,2,0,3
982,18,10,2,0,6
983,8,10,2,0,8
984,7,10,2,0,10
985,13,70,4,0,1
986,7,20,4,0,4
987,7,20,4,0,4
988,21,40,4,0,6
989,7,10,2,0,1
990,10,10,2,0,4
991,19,10,2,0,5
992,5,10,2,0,7
993,9,60,4,0,10
994,16,10,2,0,10
995,8,10,2,0,7
996,7,10,2,0,8
997,7,10,2,0,4
998,8,10,2,0,5
999,9,20,3,0,6
1000,7,10,2,0,10
1001,7,10,2,0,9
1002,11,20,3,0,4
1003,7,10,2,0,7
1004,6,10,2,0,7
1005,8,30,4,0,6
1006,15,70,4,0,1
1007,8,10,2,0,9
1008,6,10,2,0,7
1009,11,30,4,0,10
1010,9,10,2,0,7
1011,6,10,3,0,8
1012,6,10,2,0,1
1013,7,10,2,0,5
1014,7,10,2,0,5
1015,8,10,3,0,5
1016,6,10,2,0,6
1017,21,10,2,0,8
1018,12,10,4,0,8
1019,7,10,2,0,8
1020,17,10,2,0,3
1021,9,10,2,0,7
1022,7,10,2,0,7
1023,13,10,2,0,6
1024,9,20,3,0,1
1026,18,10,3,0,5
1027,15,10,3,0,8
1028,9,10,3,0,11
1029,19,10,1,0,12
1030,18,10,2,0,2
1031,18,20,4,0,8
1032,14,10,1,0,8
1033,13,10,2,0,11
1034,12,10,2,0,12
1035,6,10,2,0,2
1036,7,10,2,0,8
1037,8,20,4,0,10
1038,9,10,1,0,2
1039,13,10,2,0,3
1040,18,20,3,0,3
1041,9,50,4,0,7
1042,12,40,4,0,7
1043,21,10,4,0,9
1044,8,10,2,0,11
1045,8,10,2,0,11
1046,12,10,2,0,12
1047,8,30,4,0,12
1048,20,10,3,0,9
1049,6,10,2,0,1
1050,7,10,2,0,1
1051,18,10,1,0,4
1052,21,10,1,0,7
1053,7,10,2,0,9
1054,5,10,2,0,11
1055,10,20,3,0,1
1056,12,20,3,0,2
1057,12,20,3,0,2
1058,18,20,3,0,2
1059,10,10,3,0,4
1060,12,10,3,0,4
1061,10,10,3,0,6
1062,11,20,3,0,6
1063,10,20,3,0,6
1064,8,10,3,0,8
1065,10,10,3,0,8
1066,13,20,3,0,9
1067,23,20,3,0,9
1068,17,20,3,0,9
1069,16,20,3,0,9
1070,18,10,3,0,9
1071,9,20,3,0,10
1072,16,10,3,0,10
1073,7,10,3,0,11
1074,15,20,3,0,12
1075,20,30,4,0,4
1076,8,10,2,0,2
1077,7,10,3,0,3
1078,16,10,3,0,7
1079,19,10,3,0,8
1080,18,10,3,0,11
1081,14,70,4,0,6
1082,23,30,4,0,12
1083,20,20,3,0,4
1084,15,20,3,0,7
1085,18,20,3,0,7
1086,7,10,3,0,8
1087,19,10,2,0,10
1088,14,10,3,0,12
1089,22,20,3,0,8
1090,14,20,3,0,9
1091,22,20,3,0,10
1092,17,10,3,0,7
1093,18,10,1,0,8
1094,18,20,3,0,3
1095,22,10,3,0,7
1096,19,40,4,0,5
1098,12,10,2,0,9
1099,17,20,3,0,6
1100,9,30,4,0,9
1101,17,20,4,0,12
1102,14,10,2,0,1
1103,20,20,3,0,9
1104,15,20,3,0,3
1105,20,20,3,0,7
1106,7,10,2,0,1
1107,10,10,2,0,1
1108,15,70,4,0,4
1109,22,30,4,0,1
1110,18,50,4,0,12
1111,13,10,2,0,5
1112,13,10,4,0,6
1113,18,10,2,0,6
1114,16,10,3,0,6
1115,18,10,2,0,6
1116,13,10,2,0,8
1117,20,10,2,0,8
1118,17,10,2,0,9
1119,19,20,3,0,9
1120,20,10,2,0,10
1121,13,10,2,0,12
1122,8,40,4,0,12
1123,21,20,3,0,9
1124,17,20,3,0,3
1125,9,20,3,0,10
1126,11,10,2,0,10
1127,17,30,4,0,2
1128,19,10,1,0,6
1129,16,40,4,0,11
1130,22,50,4,0,9
1131,4,50,4,0,12
1132,18,10,2,0,3
1133,18,10,2,0,8
1134,21,10,2,0,1
1135,14,10,2,0,2
1137,18,10,2,0,4
1138,16,10,2,0,8
1139,8,40,4,0,1
1140,17,10,2,0,6
1141,8,10,2,0,10
1142,19,10,2,0,11
1143,14,10,2,0,12
1144,17,20,3,0,1
1145,19,10,2,0,1
1146,22,20,3,0,1
1147,10,20,4,0,2
1148,13,10,2,0,3
1149,16,20,3,0,6
1150,23,20,3,0,7
1151,15,50,4,0,8
1152,22,40,4,0,8
1153,11,20,4,0,9
1154,18,40,4,0,9
1155,12,40,4,0,9
1156,17,10,3,0,10
1157,20,10,3,0,10
1158,20,20,4,0,10
1159,8,40,4,0,11
1160,19,20,3,0,12
1161,14,70,4,0,1
1162,17,10,2,0,7
1163,9,10,3,0,8
1164,17,10,1,0,12
1165,17,20,3,0,10
1166,22,40,4,0,6
1167,8,20,4,0,8
1168,17,10,2,0,11
1169,12,10,2,0,3
1170,18,10,3,0,4
1171,19,10,2,0,6
1172,7,40,4,0,6
1173,18,10,3,0,6
1174,20,10,2,0,6
1175,17,10,3,0,7
1176,9,10,3,0,7
1177,17,20,3,0,7
1178,18,10,2,0,8
1179,22,50,4,0,8
1180,6,20,3,0,8
1181,7,20,4,0,8
1182,14,10,2,0,8
1183,16,10,2,0,9
1184,15,10,3,0,9
1185,18,20,4,0,10
1186,17,20,3,0,10
1187,18,40,4,0,10
1188,17,50,4,0,10
1189,10,10,2,0,10
1190,1,10,3,0,11
1191,17,10,2,0,11
1192,6,10,2,0,12
1193,10,10,2,0,2
1194,12,10,4,0,6
1195,20,30,4,0,7
1196,13,20,4,0,10
1197,9,10,2,0,5
1198,15,50,4,0,5
1199,12,10,2,0,1
1200,18,10,0,0,4
1201,13,20,3,0,6
1202,12,30,4,0,8
1203,12,70,4,0,8
1204,17,30,4,0,9
1205,19,10,1,0,11
1206,15,10,2,0,6
1207,19,10,2,0,11
1208,6,10,2,0,7
1209,7,10,2,0,8
1210,20,10,2,0,8
1211,15,20,4,0,6
1212,8,30,4,0,7
1213,9,30,4,0,5
1214,21,40,4,0,5
1215,18,10,2,0,7
1216,20,20,4,0,10
1217,7,10,2,0,10
1218,17,10,2,0,10
1219,6,10,2,0,12
1220,20,20,4,0,12
1221,14,50,4,0,12
1222,15,20,3,0,7
1223,18,10,1,0,3
1224,8,10,2,0,9
1225,14,30,4,0,5
1226,14,10,1,0,2
1227,19,60,4,0,3
1228,12,10,3,0,3
1229,9,10,3,0,5
1230,19,10,1,0,6
1231,21,10,2,0,6
1232,13,10,1,0,7
1233,15,10,1,0,7
1234,0,20,4,0,8
1235,10,10,1,0,8
1236,19,10,2,0,10
1237,18,10,2,0,10
1238,20,10,3,0,10
1239,18,10,4,0,11
1240,14,40,4,0,4
1241,18,20,4,0,8
1242,13,10,0,0,9
1243,18,20,4,0,10
1244,17,40,4,0,4
1245,18,10,1,0,7
1246,21,10,1,0,8
1247,18,10,1,0,9
1248,16,10,0,0,5
1249,19,10,2,0,9
1250,4,40,4,0,4
1251,8,50,4,0,10
1252,18,10,1,0,7
1253,13,10,2,0,11
1254,18,40,4,0,12
1255,21,20,4,0,9
1256,0,10,2,0,12
1257,13,10,1,0,2
1258,16,70,4,0,9
1259,14,30,4,0,9
1260,8,10,2,0,2
1261,17,30,4,0,4
1262,18,10,2,0,4
1263,17,10,1,0,11
1264,12,10,2,0,2
1265,15,20,4,0,3
1266,21,10,3,0,8
1267,23,30,4,0,12
1268,6,10,2,0,8
1269,7,10,2,0,5
1270,21,20,4,0,5
1271,16,10,2,0,1
1272,17,20,4,0,10
1273,10,20,4,0,6
1274,12,10,2,0,7
1275,7,10,2,0,8
1276,8,10,4,0,3
1277,7,20,4,0,4
1278,18,10,4,0,4
1279,16,40,4,0,6
1280,9,10,2,0,7
1281,16,10,2,0,8
1282,8,20,4,0,10
1283,21,30,4,0,10
1284,17,10,2,0,2
1285,4,30,4,0,5
1286,10,40,4,0,5
1287,13,70,4,0,6
1288,22,30,4,0,6
1289,12,30,4,0,7
1290,19,20,4,0,7
1291,11,60,4,0,7
1292,13,30,4,0,11
1293,18,20,4,0,12
1294,22,20,4,0,7
1295,13,10,2,0,10
1296,8,20,4,0,12
1297,18,40,4,0,5
1298,12,40,4,0,8
1299,18,10,2,0,9
1300,8,10,2,0,1
1301,23,50,4,0,10
1302,10,20,4,0,4
1303,16,20,4,0,10
1304,18,20,4,0,11
1305,8,10,4,0,2
1306,6,10,2,0,2
1307,16,10,1,0,7
1308,7,10,2,0,8
1309,20,30,4,0,8
1310,7,20,4,0,12
1311,6,10,2,0,5
1312,6,10,2,0,8
1313,8,10,2,0,8
1314,21,10,2,0,9
1315,8,10,2,0,9
1316,12,20,3,0,10
1317,7,10,2,0,10
1318,7,10,2,0,10
1319,22,10,2,0,10
1320,3,20,4,0,9
1321,7,10,2,0,3
1322,12,20,4,0,7
1323,9,10,1,0,8
1324,11,50,4,0,4
1325,11,50,4,0,10
1326,18,10,1,0,7
1327,13,20,3,0,3
1328,18,20,3,0,7
1329,19,10,3,0,8
1330,0,10,3,0,9
1331,21,10,3,0,9
1332,13,10,3,0,9
1333,12,20,3,0,12
1334,5,20,3,0,12
1335,23,20,3,0,10
1336,8,10,2,0,5
1337,15,10,1,0,7
1338,20,10,2,0,7
1339,22,10,3,0,9
1340,10,10,3,0,1
1341,11,10,2,0,7
1342,21,10,1,0,12
1343,7,10,2,0,2
1344,18,10,2,0,5
1345,19,10,2,0,5
1346,13,10,1,0,6
1347,5,20,4,0,6
1348,8,40,4,0,6
1349,8,20,4,0,6
1350,13,10,1,0,8
1351,18,10,2,0,8
1352,14,70,4,0,10
1353,7,10,4,0,10
1355,8,10,2,0,4
1356,8,40,4,0,7
1357,11,10,1,0,7
1358,11,10,2,0,8
1359,19,10,2,0,10
1360,18,10,1,0,10
1361,17,40,4,0,11
1362,23,70,4,0,3
1363,19,10,2,0,5
1364,10,70,4,0,7
1365,11,20,4,0,10
1366,9,20,4,0,8
1367,9,10,3,0,1
1368,6,10,2,0,7
1369,0,20,3,0,8
1370,9,20,3,0,11
1371,22,10,4,0,10
1373,17,10,3,0,7
1374,6,50,4,0,1
1375,12,10,2,0,1
1376,7,10,2,0,1
1377,7,10,1,0,1
1378,8,10,2,0,2
1379,12,10,1,0,2
1380,7,10,2,0,4
1381,7,10,2,0,4
1382,14,10,1,0,4
1383,7,10,2,0,5
1384,7,10,2,0,5
1385,6,10,2,0,6
1386,8,10,2,0,6
1387,9,20,4,0,6
1388,8,10,2,0,7
1389,21,10,2,0,7
1390,12,50,4,0,8
1391,12,10,2,0,8
1392,7,10,1,0,8
1393,7,10,1,0,9
1394,8,10,1,0,9
1395,7,10,2,0,10
1396,18,10,2,0,10
1397,8,10,2,0,11
1398,18,20,3,0,11
1399,10,70,4,0,8
1400,14,10,2,0,9
1401,15,20,3,0,6
1402,15,10,3,0,7
1403,13,10,3,0,7
1404,9,20,3,0,7
1405,9,20,3,0,8
1406,18,10,3,0,8
1407,7,10,2,0,9
1408,9,20,3,0,10
1409,7,10,2,0,10
1410,6,10,2,0,9
1411,21,10,2,0,9
1412,9,10,2,0,3
1413,10,20,4,0,3
1414,7,10,2,0,5
1415,6,10,2,0,5
1416,8,10,2,0,5
1417,13,10,2,0,5
1418,8,10,2,0,6
1419,11,10,2,0,6
1420,12,10,2,0,7
1421,12,10,2,0,8
1422,7,10,2,0,10
1423,8,10,2,0,11
1424,7,10,2,0,12
1425,14,70,4,0,12
1426,12,10,2,0,9
1427,7,10,2,0,3
1428,14,10,1,0,4
1429,7,10,2,0,6
1430,9,10,2,0,6
1431,7,10,2,0,7
1432,7,10,1,0,11
1433,18,10,2,0,6
1434,7,10,2,0,9
1435,7,10,4,0,11
1436,7,10,2,0,2
1437,7,10,2,0,2
1438,11,10,4,0,6
1439,18,30,4,0,10
1440,19,10,1,0,11
1441,10,20,4,0,5
1442,10,10,1,0,7
1443,11,10,1,0,7
1444,15,70,4,0,8
1445,14,10,2,0,8
1446,7,10,2,0,8
1447,7,10,2,0,8
1448,20,40,4,0,8
1449,7,10,2,0,9
1450,20,20,4,0,10
1451,7,10,2,0,10
1452,17,40,4,0,10
1453,20,50,4,0,11
1454,9,10,4,0,1
1455,7,10,2,0,5
1456,7,10,2,0,6
1457,7,10,2,0,7
1458,7,10,2,0,12
1459,12,10,2,0,9
1460,12,40,4,0,3
1461,7,10,4,0,5
1462,8,10,2,0,2
1463,17,10,3,0,10
1464,20,30,4,0,1
1465,8,20,3,0,3
1466,13,10,2,0,3
1467,7,10,2,0,4
1468,19,10,2,0,4
1469,0,10,4,0,5
1470,7,10,2,0,5
1471,9,60,4,0,5
1472,17,50,4,0,6
1473,17,60,4,0,7
1474,19,10,3,0,8
1475,16,10,2,0,8
1476,5,40,4,0,8
1477,16,10,4,0,8
1478,20,10,2,0,9
1479,20,10,2,0,9
1480,14,10,2,0,9
1481,6,10,2,0,6
1482,18,70,4,0,1
1483,8,20,4,0,9
1484,21,10,2,0,7
1485,7,10,2,0,5
1486,22,10,2,0,5
1487,8,10,2,0,7
1488,0,20,4,0,5
1489,19,70,4,0,6
1490,18,10,1,0,6
1491,10,10,1,0,6
1492,6,50,4,0,6
1493,17,10,2,0,7
1494,16,10,2,0,8
1495,8,10,2,0,11
